"","Poa_tri","Poa_pra","Alo_pra","Dac_glo","Tri_rep","Tar_off","Lol_per","Arr_ela","Fes_rub","Fes_pra","Tri_fla","Ely_rep","Tri_pra","Bro_ere","Ran_rep","Bro_hor","Ran_acr","Pla_lan","Ach_mil","Gal_mol","Her_sph","Ant_syl","Hol_lan","Hel_pub","Ant_odo","Bra_pin","Car_hir","Ver_cha","Rum_ace","Fes_ovi","Phl_pra","Pha_aru","Des_ces","Agr_sto","Cyn_cri","Cir_ole","Cer_hol","Pla_med","Cre_bie","Urt_dio","Thy_pul","Lol_mul","Cir_arv","Lot_cor","Ran_bul","Tri_dub","Med_lup","Leo_his","Car_car","Vic_sep","Pru_sp"
"Poa_tri",-5.87974764392048,-0.413461631535774,0.304397569404424,1.3934219499259,0.796715446648894,-2.23438407562447,-2.36007499644431,-2.31383502554141,-1.16068970612973,-0.398895203363475,-3.22831450190325,-0.431986321067852,4.29739619122742,-0.788037702581962,0.5751113179905,-1.73784969056373,2.54993420790278,-4.7215719657194,1.01839078294822,0.63538361076417,0.720468228783057,-6.49685489927931,-0.992772956376319,-1.83306334168943,-5.4476254417635,-1.2798379832923,-7.88439472958506,0.448307003121542,-3.529726800096,3.86544845747276,-0.050548761021783,3.79031352857417,5.52145557598402,3.56428189741901,-1.06246831090787,9.94644222385677,21.0193847516291,-2.12560785453584,-1.63414623459107,2.5954083857286,-3.3463022011126,-1.36954268217043,-4.78601761836258,1.34078957417274,-4.52918949320151,2.23148733632797,0.229066436193917,0.651293700758641,-5.29964044910579,2.19832747017353,-1.01120460332812
"Poa_pra",1.2354126556233,-3.54874667083038,0.652783598444721,-1.22077116672521,0.0943295903283656,1.65859429415842,1.44695606357026,-0.254755004295136,-0.360220891837717,2.64885850879168,1.23765857404099,1.40322957974818,0.70317763986798,-0.070836676609786,0.74119274864645,-0.340696216109094,2.16632175335961,4.43410942785671,-0.814406444989778,0.0805749857387952,-6.66791831887696,3.56109126945673,4.65781693868464,-0.625904109514641,0.455126864638033,1.00130737106773,2.87929867617521,-4.09900664865887,-2.26790306039601,1.1194081806927,1.23615480415789,-1.81866360929316,-2.40709784955728,3.33515776370757,-7.57985131134781,-4.60062420778566,-3.91579965050906,-2.82206884316949,5.26179647999753,-1.17837674093588,1.78528564022512,-1.30450881677169,13.4977201747963,-8.04708397356534,-1.73494835708221,2.11983685873327,0.797747099553061,2.43440253960904,1.2973560251449,-7.80007524138147,-2.49583364089894
"Alo_pra",-0.500539145987427,-0.547896064794419,-1.07542589292279,-0.902730990480112,0.825267030464555,0.0405502502106491,0.0283150477534772,-0.0514850935672441,0.451939701906471,0.33879295180384,1.65333799880935,-0.0534918267502707,-1.44969596376421,0.0730091972830397,3.24584290215178,0.21332368454644,2.02052047657123,1.39972629942164,-0.607231819283276,0.148410689551934,-2.69209316626164,0.363081339914614,-0.592343520809956,-0.910597660031531,0.399770363223771,-0.139163554676296,0.489030008803513,2.59814311702694,1.77048036781519,-0.0108252261692157,-0.0834593897269359,2.03246969464808,-2.37039575324357,-1.42606117726651,-2.25821893417639,1.69989382116778,3.42193547072444,0.650661469582009,3.49431030671988,2.04656620124697,0.983234556486082,-0.336734182081337,-0.46897751765069,-0.707513157397996,-0.0162563024603267,-0.48772421143081,1.91184908177456,-1.05562845883096,2.95929977198902,-5.99317383999681,0.299051363880226
"Dac_glo",-0.0175352007609127,-0.847835858710751,0.606535339259365,-0.240962904021496,2.08495501171338,-0.366899022826222,0.313903045975342,0.103520620498291,-0.431190665913734,0.729495162579105,-2.45170900598476,0.748065498476541,0.740825524897578,0.845771272074254,1.47481550976288,2.26636507598039,-3.54294633998832,-2.1825557743269,1.95244103199466,3.59828103849617,6.88944516299562,-6.05757347138114,0.212720344556441,2.83305998007796,5.182397258116,0.0632059117785247,4.2961595294378,3.58657993617804,-3.31279495122524,2.74125427773248,1.29208201027311,-4.9148722874009,2.4118030519064,-0.799732902374356,-6.70636285649179,1.39828695987417,5.58668560235405,3.88393980267249,10.4370760435256,0.280443058329619,1.35565694775762,0.52447966756669,6.67324160839072,1.02236610903535,-10.5403757732413,-1.55397233429338,2.43581560454468,0.144153119494221,5.80905304277337,-2.96553802731071,0.733716408536123
"Tri_rep",-0.49648287004455,1.75631703803749,0.0436897407880076,1.64733142397073,-5.17775492481936,0.522755094610547,2.90001414110641,0.161861885404722,1.93990564046699,0.310047876734414,1.12056479027247,-1.76713091986879,-0.342065871767645,0.469098757754204,1.22632581630056,1.35721186618913,1.65932788160857,4.51576919032027,0.590413083684309,-1.3015151154079,0.500867088015271,2.48786456105491,-0.874945410519234,-2.784185245328,-1.15461259410629,-0.937151755597828,0.814219203705867,0.433530581899642,-0.876379472009028,-0.825554739958616,3.71993590979697,-3.83170587457266,-1.4579691712502,2.45966830211044,16.0725077277455,-0.239870077042043,-19.636587301371,-4.78593226538444,-7.15059868430736,-0.569831804048583,-0.85251291324195,-0.784905881758249,0.674113538118654,-2.53329746998467,2.70646836758263,-3.18456606416196,-4.32540306625449,2.56039701825955,1.60485864337879,1.95668946266177,3.04372854713826
"Tar_off",-0.300845350464547,0.668950731945205,1.3877263311009,2.20629321569813,2.54280070679377,-4.52254464250813,2.38179527390068,-0.093815151319038,-0.0499055423432588,2.52032561066452,2.09510485526171,0.0413292866791538,2.16873751838685,0.833210639953267,3.20338872213644,1.94248755054228,-4.21349445721673,1.55298132365938,1.64704657917647,-0.764095443723255,0.352634831644229,4.70318010380911,-0.410712255806995,2.50469705883,1.52738817596195,0.156218034221739,-0.16766926112365,4.90749813005437,-3.61174697854287,0.549763478287533,-0.645617480548933,-3.11092803927729,1.3494953189358,3.8300286891251,-2.61208609770826,1.70493946526843,2.25838716323506,1.54559619863838,-0.740008722607381,-0.2158220101972,3.1633073551229,2.5627386911469,-16.2063190597649,0.629350929025796,6.43656758623505,7.34694823945554,5.7860419049808,-3.807780685125,-4.91128463525502,-9.88713506570935,2.33165702454286
"Lol_per",0.0778432537630286,-1.08314399204081,-0.470861382187886,0.808302183170538,0.59054368069684,0.535437841617677,-4.44526100369717,-0.845012163685964,0.0944016157026085,-0.565995819216102,-0.376062641702377,-2.26213225203312,1.24508014648898,-0.20038808563682,-2.1079747038558,-0.580883583489206,-1.43199994785312,-0.152671253567968,2.31974333472503,-2.84748240235674,3.50136900183036,-0.157129725815838,-0.666450268666759,-0.446803753128001,0.505602641449444,-1.37429156202961,2.17408352213045,2.41622907084856,0.314661447233221,0.32078632264982,0.206700396565646,-1.16832755932188,5.40696877841474,-0.567291210027267,3.11345066796612,-4.7775466764751,4.01843737227967,-0.580747509382454,-1.75668246489532,-1.99301174482159,-1.10387580201284,1.05416099996044,5.86485392252107,-6.50135295343607,-7.04604296960998,-2.97494202022003,5.66974931197507,1.17605364578273,1.71403128349541,4.91053609229516,0.878248762758842
"Arr_ela",0.296046590646632,0.110814179907212,-0.119385372689141,0.0195378956960153,-0.157587276503187,-0.874324900218858,-0.928776039442486,-0.121811460474105,0.302315520488002,0.668329548311349,-0.135019738694141,0.453636919129819,-4.17977589837913,0.0429569123005263,0.116368334662995,0.42378085555296,0.26450198786993,2.89526436723918,-0.669227918791544,-2.35942361854742,-0.116679930320663,-0.246746201924823,0.368379868557452,-2.94398654805997,-0.215528811713193,-1.73206172133051,-2.10052273295991,0.773829000097383,9.57797643308462,-2.62149235066221,1.61889199881833,-5.37499022722073,0.663262563357793,-2.66058160444259,2.69267978295168,-3.11685921965414,12.1416298499791,-1.44673993337765,-1.63412432373616,-2.62274847090721,-0.522543412232884,2.35299580689423,-0.569661112877766,-7.27349836877938,1.23385673058703,-2.27307870221766,3.87088006720064,-1.04094490072055,-5.38523741300927,-5.45557087507327,-1.81354126419489
"Fes_rub",0.0832034342721993,0.0746733215743931,0.625766457913728,0.492202374117846,0.0926873007890685,0.419480815102462,1.03054456242145,0.908132267446459,-0.642595954079418,0.708878800120318,3.71904254318974,0.547477653183522,2.02531083803442,0.819514009275516,0.810135141730585,1.48062913814134,-0.246549992205583,4.68605595494208,-0.539921826725182,0.504754579541483,0.467935153603706,1.13821640919671,0.684924415815714,1.72585063122827,0.198801174187681,1.18776412071265,3.34964302089579,2.58261605884673,2.33779091049864,4.63186121892237,-2.03079892962423,1.84504169919097,5.47621842110101,0.0183503373938826,6.93546959816411,-2.13045480499721,-2.43779427328686,5.53097621741417,-1.95763244389674,-4.51181401878456,-1.4861044561793,0.927792564156462,0.663056617119276,-1.60794684299436,-0.52432655534549,0.132826285074493,7.43805669942485,0.320679177318872,1.36255004669591,12.131280745524,1.46474569353998
"Fes_pra",0.207871005876409,0.907090243734488,0.680252973389687,0.48928117807166,0.3559734629194,-0.072062125952677,-0.942172916442675,-0.16231671444328,0.368895513674428,-3.38681305473601,0.530935874752605,-0.758766310712034,1.14342426094642,-0.211970390362418,0.52834348506888,2.30273031921277,1.42384647340268,1.81807474447278,1.20923783718331,7.07798797557186,3.1142418293042,-0.565322772705228,1.42362465309289,0.897001945010574,4.19783249007979,2.10105212617443,-1.61631092976995,2.49768601144731,-2.56987131552878,1.26454395515356,0.687713224673031,0.161259572876769,3.8689849687159,-1.48733087027669,4.63548696919253,2.98730996808995,4.69890394020492,6.14615028994373,5.70058733290835,-1.41548700424335,2.58928040937143,4.99455170298348,0.45323802014547,-3.48901946827667,-1.73319115235664,3.66015842781084,-3.68086484335342,-2.76246996897309,5.26010789827696,1.00069155203773,-4.28988874199405
"Tri_fla",0.272741523534712,0.987286655318219,-0.634260640089387,-1.83586703485325,0.472204621151398,0.305042183913564,-0.62949422873492,0.240557953429357,-0.118363509969236,0.602802004842409,-6.96138278362323,-0.062768883800313,-0.286054297229025,-0.377655127716667,-0.72114727844604,0.918124845069924,0.666714341402174,4.4773743798412,0.286082373064635,0.749713278843629,0.10842329843141,-0.843736204938495,0.245184352913907,-1.08097356655343,3.39964164626287,2.09621578295245,-0.375603764048824,1.17723349000193,4.85970851816736,-1.20194723242175,0.534807834587716,0.153778505167857,0.793341557367836,-2.25639481006435,-3.33115422847025,-0.295178639479079,8.18955660422352,-1.82023202283268,2.73628509305132,-0.811032468441229,0.563579571954591,-0.773398024191176,-1.43027401882168,0.192589803737946,3.5032804753126,-1.64731167412129,-4.45139462019686,-2.34037749526599,4.11854023343878,-1.50374494307454,-3.68300013030251
"Ely_rep",1.26287014044324,-0.03646378852249,-0.582542208916189,-0.242142603007196,0.571852759230619,-1.49171867756296,-0.141023262038965,-0.866379133896034,0.768717792694724,0.622583328540394,-1.58099502957615,0.603714697440849,-1.63491545024422,-0.528023346001928,1.52293203048701,1.50024905419036,0.190434524559476,-2.20153903516817,-2.89436849345386,-1.0764700093766,0.307081983119079,6.07651647706645,-1.70981034751708,-0.817343252101132,-3.61441932432266,-1.03797634851389,1.84960164561633,-2.91020628973511,0.284235171284341,-2.09090158902111,0.27921729763854,-10.1248943173926,-0.323646211490229,-4.28794302312763,7.50133123791449,1.60566221106064,1.95905843272828,-1.78634147320481,-2.91316992635561,0.927141025174632,-0.212679466627434,0.0794879766022486,9.86656709599284,7.04939907703291,-1.65322665727477,3.71095498447947,4.37445555869766,0.871967193523469,3.32618782525721,-0.231514751618418,-1.05752897763528
"Tri_pra",-2.40690284357072,-0.294247059244704,-0.579989955698178,-0.290394218255001,-1.3629800909123,0.749922630484587,-0.4129105919572,0.282566700804842,-2.03284447759623,-0.219070259498188,3.1949768603714,-1.41714314379938,-9.26322970784414,-0.667707084200972,-0.69835402015925,-0.308357242378303,-0.00619082914387368,4.21364915417868,-0.446922002934982,-7.29357212781434,-2.54044066232915,1.75085353520185,-1.89613062136727,-1.10839969206857,-1.09263570934281,-0.696945947348151,-0.985215553308595,-1.13828391394526,-0.165514581131843,0.309156628767787,-1.43231528369529,4.71232420682214,0.255927891140767,-0.254615778368889,5.52637955008302,-1.4783812998661,3.93980817133836,-7.80320075006063,-7.98602965095406,-2.34644283212532,-3.41559972975944,3.67102036970266,-6.22458198123788,-10.9539649624577,-5.81937936462393,-5.87920948451202,-2.98999472778887,-2.73408704966654,-4.68863747687538,-2.92931989243698,2.17268080801411
"Bro_ere",-0.0318177413701992,-0.837572644025593,-0.513720357239357,-0.520738048679007,-0.549979762936253,-0.270089558495709,-0.344063243895793,-0.567915247292913,-0.204982150109522,-0.0628571212922208,-0.33682347160702,-0.331578625757168,0.645831674629885,-3.37595561363167,-0.428859847041025,-1.56906523920227,-2.07538486507771,0.599573120108426,-1.31559161419055,0.385256511429447,-0.908898783057573,-0.213013678881501,-0.650087167696238,-0.284862779144471,0.180455172351796,0.569347055634238,-0.497047000426184,-0.407405722083669,-1.05667885605431,-0.305674051857351,0.616980912136694,0.545222161480942,-0.838580228360977,-0.462631139924235,1.04303698535352,-0.892195249303594,1.2668766261826,6.52512436020599,0.72357581468786,-0.550772394453022,2.70145941231079,0.0357401807386988,-1.02395922411634,-1.61687853699059,1.93123539795662,-1.36825167124914,-2.25335893300508,-4.9163362746598,-0.114442027827461,-4.08932627550224,-4.08087619397364
"Ran_rep",-0.143095016489119,0.00107277399634543,0.584604116996327,0.46305137248481,0.496118707902124,-0.00786359883172883,-0.0715035558645336,0.289724771148465,-0.0110008325547106,0.694287883254667,-0.759001368277082,-0.7781770285864,-0.735354491017306,-0.0175780901050154,-5.48042593568374,0.60961814370116,-1.05842902242489,-2.55436094395797,-1.50340056016023,0.861302443502589,2.09266147405442,-1.41414606841008,-1.69182175328772,0.285108336291446,-0.603776986574529,-0.600602150366342,-1.27011607952275,1.65283305447914,1.69792855720214,3.39393470179937,0.245366720228356,5.97882005154266,0.698122518306504,0.897166931943074,0.0341025093109232,-3.97066851924955,10.3087891960161,1.1303220029618,0.609375509178161,1.18564569840638,-0.0934848692707565,-0.137087343456385,1.83140860394744,4.57664562150229,-1.18981727114733,-0.175522018229638,1.17674968747931,0.99458745702151,1.82479428509246,8.44714215322955,1.03626048036363
"Bro_hor",-1.02786188504745,-1.03014621462587,-0.441675854789392,-0.515101690246367,-0.326997266644004,-0.192770635554556,0.470169424645038,-0.219618202450092,-1.01739573558912,0.432168717054598,-0.338876891650639,-0.907768811288864,1.17375799896482,-0.883198089412225,2.32893426210966,-7.85161079672343,3.15636509710492,0.731473895674832,0.127093068664689,1.62367002460719,1.21652976941519,-0.204832775986989,-0.128726957131683,-0.172527581646662,-2.11095935571852,-1.59660370128505,-0.622181495563297,0.34502982741311,3.60060002608181,0.709741991803497,-2.43829167157991,-0.649277618578799,2.77127445217077,1.58391865768363,-2.53272907613575,0.414323460106448,8.05750810506441,-1.92080715761852,5.32675204780985,0.0910191172748342,-0.282895212210328,-1.96741935748535,1.87942508147435,0.645063129723041,3.53958588666995,2.28391547098035,-1.95750765387289,-0.299355885139585,-1.44229918954882,-3.29145610703729,4.07798862004302
"Ran_acr",0.169426150263781,-0.31260085355996,0.0580748866907658,-0.554203624670237,-0.293782821577935,-0.543278549704841,0.156800682303568,-0.339648162607103,-0.0410837635432957,-0.296324068192456,0.884991692003621,-0.0407274644572395,-2.0991996597842,-0.155596587248893,-0.538607998878939,0.170042880025931,-7.2720970081395,0.555632368219612,-0.395419597098126,-1.51874729299708,-1.96901649410557,1.60531650302835,-0.648846468311135,0.638581647910583,1.08433250775181,-0.135534614483374,-1.61534206671274,0.362678872539976,2.27625096861102,0.213243310960426,-0.0486227511626565,-1.03082807959683,-0.847486630932036,-1.28784222281819,-0.543511078731979,0.0967132517645462,0.239825481086441,-1.42169960065994,1.58599236999262,-1.56327246148904,0.332875331125397,-0.102177360395754,-1.02072633335862,-0.868307115753501,-1.68865250410095,0.131136771054157,-2.24506203440267,-2.00009708136493,0.961883496680578,11.7130654480192,-1.18965815251718
"Pla_lan",-0.494409957666481,-0.0282225203253947,-0.461080084555197,-0.248755384084764,0.104390252110506,-1.03427110149588,-0.268654094378171,-0.5504937920111,-0.293414163957706,-1.15846820822165,1.97982081156073,-0.458739898776484,0.499870053591898,-0.545309739555704,1.19439146774066,-1.81066061900934,-4.5158478968878,-15.374727302661,1.27946841701204,-0.0894002419666934,-0.529983859474033,-0.173336397138754,0.116379963347147,-1.83928140484416,1.0587501685201,-3.00943129721096,-0.452176117870767,-0.916193356622946,-0.853563645700898,-3.90314949965855,-0.603432823217936,3.38276595573078,-2.27260012946206,0.497277161970803,0.951488703164837,-1.58596931902211,0.563411513799726,-4.81771500418857,-0.446340428192928,-0.388637441683841,0.935220613844914,3.89538800097205,-3.23933062639148,1.18255721404794,8.02308732014142,4.81023744843146,-1.69274995138089,-3.13066064024271,-0.881970280738204,1.86297279540049,2.72293525845796
"Ach_mil",-0.424236956079501,0.522416923474477,0.384519702436222,0.973104062694544,0.563928086101853,-1.42524419353059,1.18547100195344,-0.0141979456211666,-1.1284026824797,0.0603313990148109,2.31180945853518,0.246141486636164,-0.722885900870258,0.294111137065144,0.224500127181949,0.0952712627743208,-2.94197181232762,1.0272924521838,-7.03978159855298,-1.71096654087346,0.918894757408593,0.194573149452401,2.05020365715844,0.60259994423475,2.22760504848983,-0.814150789932784,-0.770444137334019,-0.0440078393816247,-0.567655433371007,-0.782933649776528,1.74728374896609,-1.46553746942461,1.89136179431467,0.19022290782524,2.64215134900923,-1.04841320171944,-1.78192336295176,-0.318190155615097,-0.897852503714218,0.0146125546159432,0.328115056692251,0.365679866337601,-1.74448926702601,3.41871682245808,0.420818577891959,3.03165662196984,5.4284824567431,-3.16535436797202,0.218422887303218,0.705349710324062,-0.0763221498213625
"Gal_mol",0.18354443365769,0.405501068525825,0.705034323925388,0.256363170315421,0.38165162548146,0.17004895878841,0.135840454538775,0.734121634046841,0.00913370537533448,0.0851311021369858,-0.0942616680362632,-0.326890336104797,0.375177310749012,0.476623211481238,0.906640387926074,0.889386046358047,0.758045966947085,1.43533306288281,-0.590291989310865,-5.40690015723706,2.04241555186399,-0.277009223765694,-0.582043385943256,0.899807907405828,0.0422313372204477,-0.257336542806358,0.154507004406473,-0.592037316805482,2.90754736344588,-0.514523997438855,0.230379752736945,2.51883000711049,0.941498766369919,0.0200337133565018,2.08300047173428,0.688844771684543,-1.49506952107178,-1.2283572115726,1.63324698522734,-0.464776270384832,0.708265609175195,0.502847872507868,-0.330075119253462,-1.03202749244488,1.41293895107116,-0.551762389935534,-0.699707608006833,-0.247805574542157,0.382757933976437,4.91490303607433,1.70290767421867
"Her_sph",-0.455535633509154,-0.528137771990191,-0.251535545866646,0.0598389785704942,-0.0210367117401576,-0.866200347254715,-0.194964838038524,-0.0405996976209655,-0.428561600256957,-0.0225935343487775,-0.705705425844185,0.385076711991508,-0.697391370386628,-0.398528924672879,0.764946024765202,-0.42810507429855,-1.10005148353483,-1.37261039581454,-0.390894719044822,-1.01450250554233,-3.41814763822779,-0.465828958090409,-0.552828620200275,-1.17946791595946,-0.107523311289475,-0.171383954391097,-1.11033947033938,0.235493473843766,-0.590733138771387,-0.0813707095179952,-0.405542015097419,-0.968547019163453,0.979171091214376,-0.652566938218679,1.2564708186963,-3.22632251128845,0.644459152913245,-0.259511883386104,1.51400252241884,-0.477385819166042,-1.06132686781845,0.151381790193254,-6.71941598392461,-0.880924805161483,-2.10555415753105,-1.40953498110929,0.334603792914067,-0.349381695883823,-0.817598253437359,-6.88030432384703,-0.643151517871499
"Ant_syl",0.0110949144969759,0.158809319469391,0.0737414631559873,0.131643935734361,-0.0265104538674969,-0.566430697594785,-0.3990091870412,-0.0691048275682274,-0.585775179611458,-0.989763741346016,0.924208401076255,-0.316748846043467,-0.904239847917798,-0.247077560500003,-0.503559039385838,0.448307023503759,-3.57729937101813,-0.181361989639228,-0.218114684445229,-0.108205100580009,1.32614278124587,-1.8754642648387,-0.63326600236721,-0.60053246169022,0.100738036222293,0.250310466911322,1.46856364663558,-1.2925792902219,1.58949733684288,-0.226522865112067,-0.447316157434894,-4.05959169222505,0.58517013093184,0.239655467882349,0.404027465572856,-3.18150290929853,-5.45452886167857,-1.57552685445186,1.01890905841474,1.38594231282148,-0.834477631995201,-0.29421701634339,-1.68321351677429,0.0282067024847663,-1.65991420987397,-0.497359852792413,-0.0874976619690567,-0.182946001298139,-1.1876327615677,1.63453849047056,-0.823745656973852
"Hol_lan",0.167841559273892,0.002575573656812,0.355792287283435,-0.189923330680158,0.78013752860891,-0.162953496910158,-0.522062072717535,-0.185934739556453,0.168208865158585,-0.492049452866168,0.443355477916206,-0.493547585591662,1.1101007970262,-0.0963063790527869,0.78789499551944,0.271109655343672,-0.954467225797946,-2.50426564494828,1.10008662365678,-0.0550769743085059,-0.637258358887435,0.101492275246789,-0.800839524889801,-0.0732152776186841,-2.35500809122292,-0.297939015685443,-2.75904168670619,0.0539470198887867,-2.65896280551063,-1.36747557635357,-0.0169890975475203,0.197892717651265,0.328826792029728,1.20602253232631,1.26316610302066,-2.0979723426489,-5.44093941034625,-0.36313645355235,-1.09160346803419,-0.59625343147189,0.435037167713299,0.648861326318923,-0.833827896723555,3.39181965265164,0.518188701020853,1.73063232199089,1.37985898249877,-0.781324134116815,-1.09382395504591,5.18846844823252,-1.05370516582211
"Hel_pub",-0.125798111463808,-0.508019301867353,-0.418890810481409,-0.419956144700345,-0.193012839930362,-0.769006779953899,-0.292881105188464,-0.54889928984034,0.432231658159927,-0.535148944340632,0.205369042946872,-0.230280416330545,0.177499303800211,-1.34442126138068,-0.902393344493976,-1.19278811277571,-0.665307180735757,-0.61685347051232,-0.456754858791711,-1.14948020519303,-0.689830604116362,0.258734286943852,-0.585006228828494,-3.00914276917263,-1.61879362610395,-0.391100788986426,-0.314370599715233,-0.32573503624183,2.51741116732382,-0.728468115136474,0.428399000429393,0.902458722276663,-1.62960984992025,-0.427117944519749,1.03182927777975,0.546594283930791,0.839463249040595,-2.05152618305139,0.0860712618385054,-0.464324292821544,3.37479013613548,-0.422764062139666,-2.13500668902119,-3.33026547685186,0.2261125750333,-1.39966974391416,3.13750970122754,-1.96329522546465,-0.755146677882393,8.84002228426163,-3.42213324329449
"Ant_odo",-0.254640930865538,-0.281341020445591,-0.135918512301382,-0.570341305530182,-0.525152053427251,-0.85883652029055,-0.196526323588373,-0.480465765485976,0.0723130618415364,-0.0253671477529674,0.642012233691192,-0.225995751582428,0.372223781317297,-1.18835606696406,-0.142727371709755,-0.301074572448821,-0.648872487868592,1.54706223268394,-0.212096076600401,-1.97395684042569,-0.284388594230148,0.290575306693739,-1.64182789017597,0.611300048046328,-8.65391434813309,-1.55463449785457,-0.405221115101559,-0.328821761709106,-0.675198128390683,-0.790813808655677,0.658836968783258,-0.365839424683034,-1.15760905286022,-0.479612303306904,10.9384596181133,0.0298071717288918,-1.00117772666096,-4.60747918049699,-0.694045492364263,-0.361086742469769,0.653593225601793,-0.370943300097148,-1.65849729025007,4.25455055948595,-2.29978459185437,1.87865410916847,0.971006607404193,-0.296642837165025,-2.08031172963241,17.4175008271268,-0.340324509124249
"Bra_pin",-0.168643003183958,0.0146007215475107,-0.144088143728176,-0.213066813440811,-0.0876227190083764,-0.182595986061595,-0.121482354911327,0.0068370547495473,-0.309253295659526,-0.0531351665415803,-0.117456702191329,-0.355317483155899,-0.290351787040271,0.292945834432552,-0.302882147072963,-0.0741562083274201,0.384872178687764,-2.3542128207645,-0.0854827414339476,-0.925181620437497,0.110909629902872,-0.301709986899768,-0.306403180557401,0.0343485400734251,-0.710516369362401,-2.74997643325635,0.0242737169663857,-0.194179660209835,0.732349889435883,-0.218474340785903,2.2072479622422,0.193731072431692,0.194392046714371,-0.283642110161274,-0.30989811528498,-0.219633311289546,2.23840598545787,-0.380773572487973,-1.35378844910724,-0.253096176905024,-5.20901058330557,0.0831279062887367,0.604817470207134,2.59770729971181,1.70156397644434,-0.671663696498844,-1.89400881720183,4.05765971927109,-0.381684154570708,-1.08530094944416,1.98849823584043
"Car_hir",0.961046106884968,0.534462825933293,-0.175280009510557,-0.186783900706157,0.0605821526282786,0.418411668983589,-0.103948710263586,0.184317931495369,0.0563181486277427,0.557237969599829,-0.295594743124547,0.541121353697577,-0.248580792581705,0.242557435433522,-0.559167822382198,-0.183261086891048,1.50634572971685,-0.491692951142995,-0.417350260537413,-0.240286437974016,-0.779802659296834,0.340659127189406,2.77653156606599,0.616864507735957,-0.637559348277439,0.0548887041843112,2.02857285842465,-1.24539675369802,2.53989509325113,0.143919309921109,0.26547500662467,6.79047546513003,-2.49674360681748,-1.64739744533658,-0.733528407419511,-3.10109251739811,5.95588601656744,1.10167246869333,-0.233850969607101,1.7468048634317,0.459464452902431,1.01777571135846,0.985209591953992,1.98183330906994,0.547771247388644,-0.463610250188588,0.585522422546873,0.265275239994372,-0.187730076610112,-1.58578657268234,0.50725782607595
"Ver_cha",0.0514677464310983,0.0811263332541061,0.176684170914176,-0.233934326943364,-0.136221382795734,0.115168165146763,-0.157130324188043,0.149388142455067,0.0498734816831356,-0.720902275307975,-0.0602674867220619,-0.883448185745732,-0.147648047584688,-0.174535387278725,0.402555088313029,-0.234104977351106,-0.824802748388384,-0.365738960192505,-0.348479653040617,-0.171327893908662,1.64899608755673,1.36036984554711,-0.637532843184708,-0.370917187169824,0.422956846219298,-0.0893877432240436,-1.61852502012452,-0.857692139563549,-0.707408101030922,0.262483873659435,-0.112411236723449,2.16975464177111,0.440613505289685,0.826215477375685,0.427246946703758,1.7937476833637,-6.52549721811952,-0.251354723400324,-0.579909623388199,-3.32397127514173,-0.348545559973272,-0.284876587371773,4.80099363975499,-0.633089725982139,0.272120396303352,0.0375962380770805,-0.574132717251089,-0.125004359220611,0.0305008593544116,-0.338704922745356,-0.271043425989371
"Rum_ace",-0.181926969127952,-0.559208067626226,0.268751921141412,0.623812765101557,0.460791717255832,-0.955070017243466,-0.244987823096669,0.364897500268183,0.206659322470197,0.169317383907199,-0.196912053760315,-0.129092123625256,-0.305963240929314,-0.620740516022159,0.632836167372463,1.27864042959919,-1.25811329397563,-1.26055270842918,0.307920217849611,-0.0533118066587071,-0.242684515615044,-0.394175781863357,-0.173316997883686,1.13679124672103,-1.80393491272748,-1.74509707808297,0.15504130254593,-0.935641821193273,-3.49008688931504,-0.727640167711515,0.0525081538968869,0.798652023362888,-1.40329806289125,-0.230940384999762,1.61614444742241,-0.541128705490637,2.39321638997793,-1.3793541061342,-1.55952861098029,-0.622141778706215,-1.46760897078333,-1.03057466459363,2.07472408889247,-2.21052851163069,2.57114328918181,-3.19187538941355,0.707408135315947,1.83321941745602,-0.271552125466966,3.36604906137585,2.91918116554406
"Fes_ovi",-0.515074437622157,0.21792397202483,0.175826694553493,-0.425009003328114,-0.154859944624472,-0.406942251930439,0.304524479931533,0.00866000648281095,0.0319418415366939,0.262788329126263,0.349352110574698,0.0150523263763287,0.760563920955781,-0.220307196592186,1.52618539134812,0.159650688337102,-0.577162470434047,-1.60570084148283,-0.0432615787190734,-0.531554308731652,-1.39499787490222,0.267656367790665,2.79778478516797,0.287072303746737,-1.23723695279657,0.18461337264101,-0.657962794654187,-0.0559371430122916,-1.23224227410185,0.954347522575705,0.406567369833866,-0.334244306386344,-1.48429083665947,0.0437964915983041,0.886873349849715,-0.509848741703837,6.55708189370009,-0.202350931332747,0.0420454712278864,-0.0404202176058528,0.193208483068825,-0.72947129187614,0.111326724567624,-0.175786221007035,-2.94844089661055,-0.106453009981583,0.521395020765187,0.822992374929645,-0.47983683766205,2.39142503579605,-0.0243471311829298
"Phl_pra",-0.517665697731631,-0.589189224560239,-0.665392384547072,-0.917887204803321,-0.480783625067337,-0.809108388963591,-0.833427108835036,-1.24449584332515,-0.254407363397265,-0.693755158432623,-1.49995934675535,-0.508007853216963,-0.202815301907434,-0.502265216708331,-0.866987990634155,-0.57274271008736,-0.54600429694886,-2.20515599885626,1.21371014550961,2.27998726424992,-0.785097456496045,-0.682150580428346,-0.701621068120048,-1.68887534266028,-1.52872265058413,0.567432813977242,-0.742642675793995,-0.740989113183629,-1.25952096182206,-1.61086245131323,-3.84993755026289,-0.804965595305592,-1.33152736339175,-0.785949844610886,5.58171948418068,-0.159242185410956,-1.693414848822,-9.61702941187043,-0.36037876005405,-0.404456781616254,3.79006644597976,-1.12633801868003,-0.277414529862116,2.23989274300501,1.04998110490604,6.18832185097198,-0.942166328148344,0.00113779860690719,-0.517507155470997,-4.17054208784502,-3.12336308088992
"Pha_aru",0.369615910457456,0.535302554042186,0.357812991162619,0.292035020789614,0.22920579585824,0.194427836029343,-0.274602481263047,0.475934845300731,0.245944648796119,-0.735710877540438,-0.132858214955888,0.140683441713224,2.73463341289788,0.288326882931939,0.270112784638139,0.580814088388416,2.24856595522676,0.743398775305802,0.528717713973103,-0.676252451279189,0.0960526472084433,2.28277795090649,-0.341981297073367,-0.0432501470581039,-0.0252287346202677,0.194338612337183,0.772638974369761,-0.204020864129362,1.16418599116361,0.0863655304925674,-0.296872022692849,-9.09041532273792,2.99019603064442,-3.71361111539387,-0.304576969141054,2.07599711733545,7.08831724686804,1.2777459747431,-1.09080221493547,-1.10674697784904,-0.233270372899869,2.91629837798094,3.11543935031482,1.01456331399384,3.19242386596175,1.07215252756987,-0.402683016584766,0.0107787871909411,-4.03047007949905,-0.333311185244866,3.13906236249577
"Des_ces",0.327468491759105,0.284793792712313,0.0567489084914297,0.122497763992719,0.248739274787527,0.158129017271052,-0.00537796901096444,0.167346247706403,0.600371248970713,0.164810164241265,-1.21565436336869,-0.342631845749362,0.661999122737086,0.161914214398681,-0.598757957699821,0.0853099395848495,1.55416257044872,-0.747128285835521,0.104716068533621,-0.215873693926264,0.544149111484751,-0.461024705728636,0.109780060081799,0.313012992170185,0.867161465110256,-0.434435194916168,1.14934129995307,1.82115662390249,-0.649519299289645,-0.559153067655772,0.244646912351838,-0.205586251200776,-0.804891655393566,0.554436071472476,-1.69232985525551,-1.48220925045951,1.26492638432143,1.73798293033175,0.898474749133286,-0.00713269480873985,0.135452324006516,-0.164158000278428,-0.238521024899588,0.275343214894276,0.537433952441377,0.56353962521202,-0.85467291317325,1.47696686062417,0.0135275714387069,-6.17356825844738,0.115283975418098
"Agr_sto",0.691841794852961,0.456158774242256,-0.119297107329743,0.253829112590159,-0.221093343452941,-0.623395879658696,-0.225738743797006,-0.228389570847069,-0.133292537336239,0.702537633044129,-0.409562123027836,-0.705999531071869,-0.519171803130784,0.0631170262292478,-0.628391446151342,-0.335608037199426,1.69714740160101,-0.874281160617255,0.356419708928773,-1.16539047358282,0.385736160008672,-0.138140598673599,-0.956349237376282,-0.511499004602897,-0.213993352808943,-1.71903798247865,-0.740220296234783,-2.67150279729077,1.16431983762415,0.423453069274277,0.263824367962462,-5.89125546863973,-1.51128076007011,-9.1019135160104,0.20504220994386,-0.844284751855608,2.87162034776924,0.146810510206585,-2.13121380365761,0.282813958041693,-0.620098438599315,2.45668855584692,1.62428382099054,2.04458966805773,-4.27346825802222,1.9347344493821,-0.405281221521051,0.203333185548831,10.1890521191832,-1.23632722296536,1.81683944645484
"Cyn_cri",-0.100497411363592,0.401177890024285,0.170931879681816,-0.082843677100144,-0.0260748404487321,0.716727659196623,-0.0597429075341251,0.0450977281061255,-0.0376346513447309,-0.221608748445838,0.499975609500802,0.0676170104086791,1.18071816278341,-0.358059117791679,0.191871447617109,-0.61848176307144,4.27235901780986,1.16087684504908,1.42887692261777,2.40134394002622,0.296817274572665,-0.146859529486566,0.158792659093351,-0.669848012797899,-0.477011185816161,0.0560780986180585,0.120195609752864,0.219783725881749,-0.583035176359656,0.912201144926461,-0.334628051750537,-0.744521641503242,-0.37628466945538,-0.464905893817051,-5.38844485845609,0.485962921985743,1.60388584914824,2.59403062793829,-2.16019709027959,0.500248982363488,0.195864944509631,0.152677812679799,-0.478042689278549,-0.874719818854393,-1.4919330842223,0.447444408932715,-0.456395112155398,1.18211040238305,1.68517393238992,-2.17120391512213,0.32309297689612
"Cir_ole",0.472413503753663,0.15596762627601,0.0106424656868657,0.509613951103288,0.19255382661835,-0.0302278812471346,0.203671924502912,0.127142002909226,0.0302179212741994,0.334098266676496,0.0894690710674926,0.241032171019248,0.234129257832838,0.257923675263826,1.31187090761362,0.420582564073868,0.106369202161383,-0.363407752424509,0.685389668274158,0.277233839351601,1.62114302683803,0.251613156464155,0.563897662980871,0.536745760131508,0.269447620603787,0.225290386118863,-0.0284976574699122,1.74112726430395,-0.12174411081355,0.0118823352027363,0.408197423388438,0.489881030974134,-0.648874669171424,1.16337679109336,0.146668552312899,-3.69708091794476,-1.45991719424571,0.372410069118753,0.476317872911507,-1.14427557214512,0.813323726625686,-0.241257473028164,-4.3766494718784,1.1004267392398,0.928407492888943,0.603302550572846,0.620564682946601,-0.0523345966945906,-0.373298967806033,-1.06344683830212,0.356766654947182
"Cer_hol",-0.173417876056269,0.688817457332062,0.18546345717292,0.486751972821096,0.527997841730963,-0.357218219054449,0.401120032421371,0.365700053782066,0.247049125357026,0.120581418018401,-0.174395959984147,-0.17243029087918,0.242018003532176,0.29061731488775,1.52101623274504,0.024092743574734,2.63661941137137,1.30957691436621,0.135268074195873,0.0573138985298228,0.550580536262906,-0.966890455259817,0.524841935897765,-1.59935759120102,-1.09462998140945,0.180696017816627,-1.49035586116341,1.40986278224262,0.708453665880399,0.576481504936596,0.208203778440497,-0.0634605654298823,3.00733278930245,-0.248262507073135,1.47964055499686,-1.63679475696095,-16.0883746046266,-0.299884381906718,-0.170125803515779,0.753857575363332,1.49901831922789,-0.73905795657235,0.304159122858096,0.412086387846833,1.28766848025487,2.45951039394893,2.52511663609179,0.455904223074119,-1.4895150002847,0.367860983901942,-0.517367458253643
"Pla_med",-0.113071388465503,-0.317751185035179,-0.222229133332228,-0.315936615778385,-0.133239786094843,0.178980915765504,-0.178287596005233,-0.120853634446107,0.0869558368202773,-0.324528500996244,1.26078903513534,-0.189214952548961,0.539798180260327,-0.194942562055904,-0.0923714686958526,-0.241549782680678,-0.936633571248158,-2.27631614566022,1.31862312735678,2.63402500287488,0.016301283897757,-0.358561218194489,0.0316349663167713,0.112997538841579,0.13016508870354,-1.24988181105016,-0.233586431936399,-0.216934658281115,-0.601290208323123,-0.21430810028154,-0.390267852825398,-0.0773841993742675,-0.656425119760308,-0.145927559334155,-1.27143014619953,-0.0297305556317296,-0.543451818294348,-7.68905993269046,0.196175020106584,-0.0150615425933628,2.1628297524552,0.012698978828279,0.27655684638253,-6.01565454716828,0.724936615328165,-0.264344588234901,-0.499321944924685,4.80203962831434,-0.384559385499857,-4.43763473679557,0.326975347390216
"Cre_bie",-0.491122199986434,0.162278849602984,-0.00601993581943596,-0.00665705913176798,-0.563940848939895,0.603620695778618,-0.806811032375823,-0.665639446334269,-1.7616135377849,0.826429468929368,1.55839997468131,-0.464557359174741,3.22697838054473,-0.496860037996401,-0.0379805557452816,-1.3574683407199,-3.92620414955521,-1.44933017542962,-0.184243495903148,-1.39741404219079,-0.234045686200325,-0.268568986518825,-0.250876091420311,-0.753459295545218,1.35072110346916,-0.782711443164967,-0.149063275321486,-0.326997708397151,-0.478767289424898,-0.239152243684389,0.582435293647575,-1.38131438582163,0.348942323041568,-0.235906441754401,3.60088962001065,-2.73413085972825,-2.6889251537223,-3.55891139200246,-10.0724478390168,-0.296874573558039,0.132402914742473,3.94189439231488,-2.81730202074994,-0.350134555515026,-3.51673682594995,0.0593121430260378,-2.09187010648791,-2.94867147741678,-0.440711161538427,-3.6822860989784,-2.59770403014866
"Urt_dio",0.147434904949114,-0.361676102656955,0.076759711605511,-0.506203176236017,-0.24509670521412,0.235790916615896,-0.143722229501262,0.264732986128996,-0.131003033425919,-0.315913933618432,-0.0376535780029911,-0.328836523518784,-0.302015082177991,-0.211155477206694,0.715739245136756,0.450601113331945,-0.148475427259579,-0.658328188137477,-0.431221927803083,-0.113718351840727,0.106636509588841,0.614960916142498,0.992728839072752,0.174803137219764,-0.29057733906078,-0.196293935751747,1.99545437615418,-5.22018292171951,-1.3752822571789,-1.19018218443456,-0.184625064104017,-1.16664380049905,-2.64096882725062,2.11114586627214,-0.315479411970767,-1.92412282899116,-2.25661194185425,-0.0203498692852069,-0.307566258242588,3.66979980150046,-0.26265791302193,0.301208487026153,8.22335487244062,-0.140345737047909,0.102019845498419,-0.441067156064859,-0.364981935882506,-0.216750603009933,-0.473388099130704,-1.75399650393452,-0.290162457028309
"Thy_pul",-0.378323396739689,-0.261875238469343,-0.322518128564964,-0.399294948076908,-0.226335984184534,-0.582150875023847,-0.405685647188011,-0.337987967447879,-0.506307779979729,-0.221892835149995,-0.673691430253915,-0.455921191572183,-0.832191963090702,0.48443909690417,-0.257640767546933,-0.462843641407173,0.179488410769356,0.113074636885826,-0.474584699435345,-0.834836745529677,-0.277139902539368,-0.499103289402396,-0.413448940842368,0.337819600208006,-0.614023307903221,-1.12190924486495,-0.408200495000792,-0.556391310935857,-0.963762395004474,-0.479726656680087,-0.0585168179054914,-0.367045681282626,-0.569629030201574,-0.349056453472885,-0.474855159401875,-0.21898492253817,-1.37274456672104,1.64979260215575,-0.936023104556401,-0.457809591919702,-2.42197132642177,-0.309635861612507,0.508701956349891,0.417777637787057,0.149175718942189,-0.12251427293924,0.247800446480923,-3.93713565982028,-0.595614809627827,-3.32548826999428,2.53575106256356
"Lol_mul",-0.00167721117065689,-0.140551479270655,-1.2260780243172,-0.958164738184521,-0.111515155969446,-0.747426472415151,-0.701642574679308,-0.692760507268832,-0.510152191031569,0.283373983782068,-0.59413021019049,-0.932598081892892,0.403749058836633,-0.381300675364459,-2.61603541526296,-1.96661712473287,-0.685031641129616,-0.119650667782342,0.642845446632172,-0.92547776214666,0.595183563400751,-0.659163245621844,-3.26500196149117,-0.522419670278509,0.100748725724019,-0.933398570380445,0.670897871283245,0.141790201288765,2.05454319636122,0.249994969650563,-0.0659180179894716,3.9055306933004,-0.408387246972499,-1.8526072494321,-1.6912009296327,0.492424815102174,10.5848344188969,-2.66390584505402,1.06948113162504,-0.5237729401339,-1.21525050361802,-11.6924633606572,7.04385330166126,-7.33188170271759,-3.79776517518037,-1.23179193024067,0.28851072124568,0.489479380263596,3.2397721854843,-0.705490798979224,1.74673069693977
"Cir_arv",-0.039966744751328,0.0112080871637734,-0.141233956477793,1.12473119167912,0.367850802232935,-0.132769781712975,-0.142359014723928,0.150956743583125,-0.0239681943203857,-0.0997688027275207,0.194350408658713,0.548098537488531,0.511387146622394,0.382551090408083,0.581205698319729,1.35319253764563,-0.503485027322006,-2.56596626177732,-1.19154160146125,-0.788561594002239,1.45497788343849,-0.386512848005142,-1.0797942522039,-0.0582882428167744,0.217115301694454,-0.0410489034110233,-0.0812494356098148,3.04667886884262,0.102947508803505,0.558386356986645,0.158542201117977,-0.283607830773225,0.977403100011346,1.24705653875635,-0.376445570002866,-0.49099562755181,-2.10309490553211,-2.16091004225742,1.48215733852574,-0.865457989539947,1.3153453705252,-1.26341751322283,-14.8474484527994,0.947321787682032,-3.55412822588765,0.38934814953221,0.660080166952502,0.0245763947722555,-0.227347984090779,-0.883361078650364,-0.316470390572133
"Lot_cor",-0.939015242894454,-1.27741916856233,-1.15367992620257,-0.933793489737088,-0.721272507563269,-0.885588358581918,-1.09908860563499,-0.709379029719844,-1.09347516634427,-0.609058777491711,-0.0563795579142897,-1.14605589027726,0.304927529499164,0.872981672614385,-0.524363996122401,-1.18447419846149,-2.38658198789999,-3.41112804371472,-0.248983118925642,-0.857186879997549,-1.45232511455302,-1.38469983276635,-1.35035616567321,-2.13278364051294,0.344773602552629,-2.0381226469412,-1.28895229180268,-1.37449076325401,0.0588005923222121,-1.00531264828209,1.04476409582194,-0.0965714995820163,-2.39506528064734,-0.603807929863547,0.814958283374439,-0.169676789268586,-4.43181310728481,-2.33148749704779,2.95791747922389,-1.04645388898406,-4.97093832893129,-0.920969041901495,-0.249700814488809,-13.6031383505239,-3.89686843930318,3.24516707732996,-0.876322708869614,-2.87316862413024,0.241831848268665,-3.73477915203537,-1.06759377614555
"Ran_bul",0.0834154443480726,-0.151463414277674,0.0440910230307809,0.995146557979807,0.439221788556134,0.694524474127656,-0.0616243359984477,0.109039921878362,0.515459184728716,0.617367176679051,0.595820008529867,0.0117432669795862,0.821227640036609,0.382514780599853,0.455973282544294,1.02852250886449,0.448922821804795,-0.913363640947065,0.63010939832385,1.60907331179022,-0.206440992049257,0.254903226268704,0.638591063375178,1.69019774788354,-0.0294056053208794,0.394288716818157,0.118684843949428,0.198331271605679,-0.262534461939784,-2.63925991832137,-0.138831643356667,0.17829903546031,-1.11172031532581,0.230913748717959,4.03150894456879,-0.489606297041127,0.98934300344379,-2.6297849035023,0.984486096532174,0.278699903001663,3.707840988984,1.31445987247174,0.477507617242725,-0.438396370844961,-7.55813258600374,-1.43453474503029,0.7828830111319,0.869352549742867,0.438975678242215,-9.41234267222306,0.538259154955552
"Tri_dub",-0.156625618113894,0.442949660359385,-0.0207205787935507,0.505919200848063,-0.390586049995164,0.170678692774533,0.0405068861320651,0.499496265386847,0.169327021816425,-0.343699244444756,1.15853417464939,-0.36327588382441,-0.255330948458882,-0.432077926488346,0.168980608533956,0.802688749123912,-0.621795418014154,1.88548473604853,0.309199628323621,-1.00346232955461,0.364930970464422,0.0145440937325936,-0.0669806494412757,-0.362650120267605,0.724739616588675,1.45173885233284,-0.121491256484681,-0.0866913359271381,6.12124997399922,-0.15346788058455,0.325377717248393,1.20042791147692,-0.473613563607142,-0.207130376650885,3.37513892630618,0.62021975553357,-1.4592325406985,2.11750346908872,1.03369751347808,-0.567154122831874,0.494680648917999,0.582577184395859,-1.38749222460902,-6.46780244280997,-1.71073894739691,-12.3376029778695,0.483905250656282,-0.54331313152788,-0.666666836910709,-4.51215770155735,-0.248003873553749
"Med_lup",-0.100818731333016,0.224636759550375,0.004481433488027,-0.412880582654262,-0.120004246713972,0.732247748092816,0.308362181852784,-0.0625627032553872,0.0661167470188826,-0.258205344510556,1.20940988121639,-0.363136106994184,0.223337806533502,0.336618932307229,0.174077329497278,-1.090594544893,-1.14524027242731,-0.555783068617162,-0.316536433022646,0.486736875227806,-0.200849911175477,0.12043785511165,-0.0723690953682869,0.00716333041644894,-0.14506811315008,-0.488726892226472,-0.392482692012746,-0.107512248640073,-0.774436625499972,0.292781987660717,0.0508340525889096,0.196782944557241,-0.57762582025983,0.024192454361775,-3.19530816535456,-0.282981466555545,-0.202871659699011,-1.82645456965438,2.0657158558046,0.276741621675013,-0.348245731437492,0.817125672551085,0.588538907650331,0.540773870733943,3.0643729830967,2.12172924258398,-10.2366654492754,0.298929018945887,-0.669431232408568,1.47887095953986,0.368552150741372
"Leo_his",-0.536819582073885,-0.34297373966199,-0.552029873302303,-0.435538734653741,-0.190884784734686,-0.061960440993207,-0.495467516375638,-0.854421171404152,0.342327190102116,-0.820525426908318,-0.393293752254106,-0.418428801751797,-0.677481111056934,-0.149837037541919,-0.797640093126105,-0.640880477313665,-1.07610988327343,-7.49479832533915,-1.58718799347889,2.85106417280182,-0.465303191389633,-0.915842967448716,-0.225420503388793,1.6441718477001,-2.43082804011462,-2.61333449133254,-0.487731649125526,-0.717402998775416,-0.0237308782085169,-0.873689751269715,0.311048044981083,-0.090495555349407,-1.71487669694383,-0.937524702134465,1.24020914685661,-0.574413695282496,-1.68953713818314,-4.13880758358462,-0.339738156462533,-0.367018822975922,1.32258129731225,-0.604094378448154,0.151043085714916,4.76277651275969,-3.07702549036958,4.69126712255589,2.34824282425801,-4.32142626621742,1.9334670095424,-1.27757404492454,1.89100681665326
"Car_car",-0.492271521364139,0.576346490176696,0.128090729164545,0.267173507303908,0.0715490093638421,0.158243069626378,0.041694012971791,0.0447069985531917,0.2154097049799,-0.220139376768595,-0.227650502242786,-0.100228813030235,-0.857357410303466,0.12235161361275,0.163644046055256,0.241962511367673,-0.898171691693776,-0.0804499823681875,-0.189609106116693,-0.163347891084496,1.26710853115532,0.452602920664759,-0.0522042023723616,-0.775152250192675,0.675473884576932,0.0654601105923722,0.462069667818103,0.308677681012379,-0.686331254186748,-0.159793584702792,0.578903127019965,0.646101998837055,0.51939738849169,0.159778242795738,1.7466046069711,0.284637067255243,-3.39846963118577,-0.686039710208337,-1.504011965509,-0.0669099490875654,-0.258636531396789,-1.20346556515928,-0.812913312448153,0.774896827034961,0.800234319339919,0.706215453698024,-0.788273047704075,0.955455983434492,-0.0791703904916167,0.899006831530812,-0.0270483587924031
"Vic_sep",0.0663305499398949,-0.136102251882292,-0.16521682801748,-0.373218343115173,-0.0649257503726231,-0.427830886722676,-0.00954331000112418,-0.381948871389442,0.506444580116569,0.052381157022749,0.973898789908803,-0.226999753881539,0.727584872214284,-0.203305072387105,-0.197257199965736,0.0143305190854712,-0.951604398230775,-1.91372894242633,-0.0076418747870276,1.4313120304716,-0.957398734639405,-0.221839280582892,-0.573757803578677,0.565349879652722,0.274941445424467,-0.679698647588116,0.421480776560089,-0.0577080126142899,-0.246988644219874,-1.18765691162811,-0.144280423810227,-0.628136066445985,1.28490354561201,-0.314663217117274,0.204682046488326,-0.60232166065807,-1.49621876175404,-0.666686804943708,1.60941537819051,-0.419810518021824,-0.499745883149783,0.660997080677453,1.19520591962864,0.0515263786845102,2.9574109650674,0.307098917334804,0.0718483891599548,1.69258365611929,0.764503396896689,-15.5330715089612,-0.382454307403984
"Pru_sp",-0.00604020208079921,0.0882210170034122,0.00330017647088247,0.0268624278263819,-0.101178795494125,0.15585234723231,0.0929019067146081,0.0989906004444009,0.0654287768468097,0.284632913849529,0.693150749147653,0.085144701274352,-0.981340627314036,-0.0506837331038176,0.119858628743178,-0.0653586586275171,0.508451299383503,1.58046181177857,-1.24352443585558,-0.0572249035010247,0.07951437471084,0.0479087481552399,0.0933293120519806,-0.096916887302532,-0.477829851437789,0.176113390654089,0.106457331641756,0.0157038796179665,-0.116494261532056,0.347116267056639,0.0410387526993845,0.662555058196474,-0.27337080054122,0.332192239286726,-0.781239978309527,-0.227816939413789,-2.94300654964153,0.89851996729797,-0.486432506707252,0.117621130021695,0.442693049771159,0.476983287049871,-1.5227447463776,4.49284038684845,-1.28793177220689,0.0518947395401969,-1.78359759348301,-2.903365086806,0.457915651227154,-2.22311144545568,-3.33183280466852
