"combos","SND","SFD","feasibility","LUI"
"Poa_tri.Alo_pra",1.06517229926135,0.638320989383729,1,0.5
"Poa_tri.Arr_ela",0.835247955215446,4.10247614998218,1,0.5
"Poa_tri.Tri_pra",1.02905559701863,4.90136893394957,1,0.5
"Poa_tri.Ran_rep",1.08178092291966,40.1100050349955,1,0.5
"Poa_tri.Bro_ere",0.926258465119119,16.1040709681009,1,0.5
"Poa_tri.Ran_acr",1.20707791561404,27.3021520447927,1,0.5
"Poa_tri.Pla_lan",0.818997112186381,16.4072747805904,1,0.5
"Poa_tri.Ach_mil",0.885916601161937,40.2107275894221,0,0.5
"Poa_tri.Ant_syl",0.572868796301938,2.02992553307044,1,0.5
"Poa_tri.Her_sph",1.47722532158786,53.7965607441734,1,0.5
"Poa_tri.Hel_pub",0.757394109162149,16.3762674997256,1,0.5
"Poa_tri.Bra_pin",0.888083259734794,0.520417589243988,1,0.5
"Alo_pra.Arr_ela",1.07477171259304,16.4924723848876,1,0.5
"Alo_pra.Tri_pra",0.900115334780439,3.29406242718934,1,0.5
"Alo_pra.Ran_rep",1.15391390648616,47.0455417712872,1,0.5
"Alo_pra.Bro_ere",0.922658034003187,12.5796271111015,1,0.5
"Alo_pra.Ran_acr",1.19078786529273,28.5709761796048,1,0.5
"Alo_pra.Pla_lan",1.1164705706685,30.4639367317414,1,0.5
"Alo_pra.Ach_mil",1.06533987970538,46.1179179471602,1,0.5
"Alo_pra.Ant_syl",0.904008694409082,16.0569768522909,1,0.5
"Alo_pra.Her_sph",0.363092764364892,5.43512956364428,1,0.5
"Alo_pra.Hel_pub",0.699034340442891,16.0239597621622,1,0.5
"Alo_pra.Bra_pin",0.906978829287259,1.74397124873395,1,0.5
"Arr_ela.Tri_pra",0.840157336202536,27.9924159356369,1,0.5
"Arr_ela.Ran_rep",0.943918167569257,39.1797302870156,1,0.5
"Arr_ela.Bro_ere",0.901848522985783,24.4097939802931,1,0.5
"Arr_ela.Ran_acr",1.1987763600927,18.051524332677,1,0.5
"Arr_ela.Pla_lan",1.08227442323157,16.6879030537626,1,0.5
"Arr_ela.Ach_mil",1.15725326363485,50.4063055638443,1,0.5
"Arr_ela.Ant_syl",1.27244446019281,15.6414636580042,1,0.5
"Arr_ela.Her_sph",1.14209649675693,28.4587622411002,1,0.5
"Arr_ela.Hel_pub",0.641972449390116,28.4939537159725,1,0.5
"Arr_ela.Bra_pin",0.913838446767172,11.9910642052191,1,0.5
"Tri_pra.Ran_rep",0.962464768058537,42.1231207115619,1,0.5
"Tri_pra.Bro_ere",0.935372949018546,13.4228450797823,1,0.5
"Tri_pra.Ran_acr",1.07349503873183,27.754170576913,1,0.5
"Tri_pra.Pla_lan",1.08073660290236,27.4887463798535,1,0.5
"Tri_pra.Ach_mil",1.00438387592632,46.0495957345151,0,0.5
"Tri_pra.Ant_syl",0.963218203229415,19.9549040662849,1,0.5
"Tri_pra.Her_sph",0.886865095265694,30.196862060875,1,0.5
"Tri_pra.Hel_pub",0.892698825199021,9.22542565470734,1,0.5
"Tri_pra.Bra_pin",0.884555525044112,3.09932493866768,1,0.5
"Ran_rep.Bro_ere",0.947489390757942,41.5044933321912,1,0.5
"Ran_rep.Ran_acr",0.920588932989854,40.9013863220679,1,0.5
"Ran_rep.Pla_lan",0.923790782894292,42.1168511961262,0,0.5
"Ran_rep.Ach_mil",0.957321100277193,27.3078229004182,1,0.5
"Ran_rep.Ant_syl",0.923268095235789,40.9568941408382,1,0.5
"Ran_rep.Her_sph",1.10813930257662,29.9953154389526,1,0.5
"Ran_rep.Hel_pub",0.887932011162812,43.6219857139568,0,0.5
"Ran_rep.Bra_pin",0.943017396721099,41.7212315197063,1,0.5
"Bro_ere.Ran_acr",0.922430035612085,28.7372002641456,1,0.5
"Bro_ere.Pla_lan",1.01591330719065,33.9911002838907,1,0.5
"Bro_ere.Ach_mil",0.877061530234599,39.0810236692855,1,0.5
"Bro_ere.Ant_syl",0.896870110892921,26.3869561665007,1,0.5
"Bro_ere.Her_sph",0.79657553993042,29.6659199437236,1,0.5
"Bro_ere.Hel_pub",0.450724055978082,10.1837068859746,1,0.5
"Bro_ere.Bra_pin",1.31298577074972,34.1854613900154,1,0.5
"Ran_acr.Pla_lan",0.997160527615055,9.63478787711446,1,0.5
"Ran_acr.Ach_mil",1.09778712663766,48.9548831638198,1,0.5
"Ran_acr.Ant_syl",1.01882309276666,4.38481535489555,1,0.5
"Ran_acr.Her_sph",0.966514373077414,22.5161729902818,1,0.5
"Ran_acr.Hel_pub",1.05974988312263,20.0783405287339,1,0.5
"Ran_acr.Bra_pin",0.970385393983334,17.8625793983475,1,0.5
"Pla_lan.Ach_mil",0.966985597969133,41.0728741604517,1,0.5
"Pla_lan.Ant_syl",0.973771813684383,6.85207837015157,1,0.5
"Pla_lan.Her_sph",0.952241028772301,13.6638741681941,1,0.5
"Pla_lan.Hel_pub",0.973453182204973,32.090727279568,1,0.5
"Pla_lan.Bra_pin",0.749153127315413,20.3211750776624,1,0.5
"Ach_mil.Ant_syl",0.975293007135437,40.7187102761722,1,0.5
"Ach_mil.Her_sph",0.977115190011193,40.2879535063348,1,0.5
"Ach_mil.Hel_pub",0.90516652993878,38.6754091969628,1,0.5
"Ach_mil.Bra_pin",0.953521434988476,44.1087478700322,0,0.5
"Ant_syl.Her_sph",1.10617295342795,28.7612724885547,1,0.5
"Ant_syl.Hel_pub",0.815169508938472,30.4282023198366,1,0.5
"Ant_syl.Bra_pin",0.939600341614615,15.9808427684282,1,0.5
"Her_sph.Hel_pub",0.924417820512575,36.4812204736081,1,0.5
"Her_sph.Bra_pin",0.937467294607632,30.0257882371204,1,0.5
"Hel_pub.Bra_pin",0.978776158737935,5.43867366320277,1,0.5
"Poa_tri.Alo_pra",1.05066159929682,4.42032847515312,1,0.75
"Poa_tri.Dac_glo",1.08340753252187,43.0249797397852,1,0.75
"Poa_tri.Arr_ela",0.857426400943642,11.1999278704983,1,0.75
"Poa_tri.Fes_rub",0.88068880941513,36.0697836523087,1,0.75
"Poa_tri.Tri_pra",1.00742457473506,6.22140526837265,1,0.75
"Poa_tri.Ran_rep",1.09720390494639,38.7873570041302,1,0.75
"Poa_tri.Bro_ere",0.92565618017584,9.20800852290311,1,0.75
"Poa_tri.Ran_acr",1.20104047946431,36.5638912077982,1,0.75
"Poa_tri.Bro_hor",0.914275711402483,37.9887237517752,1,0.75
"Poa_tri.Pla_lan",0.838636910390453,18.97723676086,1,0.75
"Poa_tri.Ach_mil",0.87272806354351,39.4891815920292,0,0.75
"Poa_tri.Ant_syl",0.649233657551823,8.36943499309513,1,0.75
"Poa_tri.Her_sph",1.45703485656749,59.4197023502365,1,0.75
"Poa_tri.Hel_pub",0.773401459915158,7.56569281176175,1,0.75
"Poa_tri.Bra_pin",0.872439185892708,7.54801431534308,1,0.75
"Alo_pra.Dac_glo",1.05316337329504,39.2975354117823,1,0.75
"Alo_pra.Arr_ela",1.0718874089056,19.2085288025207,1,0.75
"Alo_pra.Fes_rub",0.970018747140692,38.3581425586757,1,0.75
"Alo_pra.Tri_pra",0.91398459113732,3.89399799067889,1,0.75
"Alo_pra.Ran_rep",1.12597840666063,43.103315087583,1,0.75
"Alo_pra.Bro_ere",0.916422175801207,10.2619266829092,1,0.75
"Alo_pra.Ran_acr",1.17966324015817,34.7158716036802,1,0.75
"Alo_pra.Bro_hor",1.04458556338826,42.2697264244999,1,0.75
"Alo_pra.Pla_lan",1.08809183454867,28.10114652159,1,0.75
"Alo_pra.Ach_mil",1.04218299835876,45.1648704179192,1,0.75
"Alo_pra.Ant_syl",0.927794579265627,20.7806285366946,1,0.75
"Alo_pra.Her_sph",0.441874729856652,14.239614280591,1,0.75
"Alo_pra.Hel_pub",0.765028524786198,9.40766285800671,1,0.75
"Alo_pra.Bra_pin",0.87415345950596,4.91341524007227,1,0.75
"Dac_glo.Arr_ela",1.09246313433173,26.6612108231381,1,0.75
"Dac_glo.Fes_rub",0.875687781801365,2.37237389763679,1,0.75
"Dac_glo.Tri_pra",0.981839163615093,40.1660587543662,1,0.75
"Dac_glo.Ran_rep",0.987859234630861,6.46776249010811,1,0.75
"Dac_glo.Bro_ere",0.882264083431352,35.0990798754402,1,0.75
"Dac_glo.Ran_acr",0.899295584915061,27.2636346040899,1,0.75
"Dac_glo.Bro_hor",1.19993119401584,21.2427559408431,1,0.75
"Dac_glo.Pla_lan",0.757258063730786,37.9062562255607,0,0.75
"Dac_glo.Ach_mil",1.03552656924662,32.0731629609939,1,0.75
"Dac_glo.Ant_syl",0.829032586061925,35.8270109226337,1,0.75
"Dac_glo.Her_sph",1.24832162882496,11.2075726118991,1,0.75
"Dac_glo.Hel_pub",1.08836409242591,27.6738260762721,1,0.75
"Dac_glo.Bra_pin",0.871973594959425,37.5294801085871,1,0.75
"Arr_ela.Fes_rub",1.05073869140857,32.2843810672045,1,0.75
"Arr_ela.Tri_pra",0.858738479497951,29.0450260430871,1,0.75
"Arr_ela.Ran_rep",0.943313763840424,32.7700249846641,1,0.75
"Arr_ela.Bro_ere",0.920483908516676,24.9475830893136,1,0.75
"Arr_ela.Ran_acr",1.18115138026781,23.2267663150924,1,0.75
"Arr_ela.Bro_hor",0.940846003615718,33.26317058681,1,0.75
"Arr_ela.Pla_lan",1.06735877762862,11.2801392894586,1,0.75
"Arr_ela.Ach_mil",1.14302387878524,49.4151011799069,1,0.75
"Arr_ela.Ant_syl",1.27808536251971,18.1535780806659,1,0.75
"Arr_ela.Her_sph",1.09744886752843,35.1552045770469,1,0.75
"Arr_ela.Hel_pub",0.727371870742091,25.9310637158031,1,0.75
"Arr_ela.Bra_pin",0.971970194035664,8.43735255368278,1,0.75
"Fes_rub.Tri_pra",0.951079177510455,32.6124262920193,1,0.75
"Fes_rub.Ran_rep",1.03033698320995,0.234840443348264,1,0.75
"Fes_rub.Bro_ere",0.864710840447334,37.2287289127652,1,0.75
"Fes_rub.Ran_acr",1.09599255605295,26.0147894812536,1,0.75
"Fes_rub.Bro_hor",0.975579716774995,11.609966205667,1,0.75
"Fes_rub.Pla_lan",1.22391737337021,21.0765932081298,1,0.75
"Fes_rub.Ach_mil",0.864555701292189,34.035415075817,1,0.75
"Fes_rub.Ant_syl",0.923264623784623,30.2714820016328,1,0.75
"Fes_rub.Her_sph",0.870027964632297,8.53282129553689,1,0.75
"Fes_rub.Hel_pub",1.25983287391785,26.3765785968521,1,0.75
"Fes_rub.Bra_pin",0.898454027843818,33.9605599960493,1,0.75
"Tri_pra.Ran_rep",0.957424100108071,39.0608952319709,1,0.75
"Tri_pra.Bro_ere",0.944022675170022,8.68615954940167,1,0.75
"Tri_pra.Ran_acr",1.0768792732541,34.1726890848681,1,0.75
"Tri_pra.Bro_hor",1.01596709629423,39.7418130641029,1,0.75
"Tri_pra.Pla_lan",1.05899862371822,26.3470535321272,1,0.75
"Tri_pra.Ach_mil",0.995775780787632,45.6300770843601,0,0.75
"Tri_pra.Ant_syl",0.95862613502694,23.875742866431,1,0.75
"Tri_pra.Her_sph",0.910509752180974,36.1369285761087,1,0.75
"Tri_pra.Hel_pub",0.909469224544847,3.09133428609155,1,0.75
"Tri_pra.Bra_pin",0.886871292261698,9.15041138808894,1,0.75
"Ran_rep.Bro_ere",0.949656515348654,39.4767712642555,1,0.75
"Ran_rep.Ran_acr",0.928787214193544,29.3583825283523,1,0.75
"Ran_rep.Bro_hor",1.05709957712667,3.91914560522783,1,0.75
"Ran_rep.Pla_lan",0.931736337886464,34.062539733947,1,0.75
"Ran_rep.Ach_mil",0.960225949202389,35.1720748018197,1,0.75
"Ran_rep.Ant_syl",0.923307033223682,32.4611330932963,1,0.75
"Ran_rep.Her_sph",1.0757659842938,1.37244846301364,1,0.75
"Ran_rep.Hel_pub",0.903046430077649,40.1726672712866,1,0.75
"Ran_rep.Bra_pin",0.943651200870502,37.2457005929584,1,0.75
"Bro_ere.Ran_acr",0.931849792822283,31.4999331451186,1,0.75
"Bro_ere.Bro_hor",0.950648668263889,40.1101985893494,1,0.75
"Bro_ere.Pla_lan",1.01233812279779,31.2734450874696,1,0.75
"Bro_ere.Ach_mil",0.898001973397537,39.8218798436581,1,0.75
"Bro_ere.Ant_syl",0.908595951192069,27.3861713799705,1,0.75
"Bro_ere.Her_sph",0.836261604403041,33.8727808862733,1,0.75
"Bro_ere.Hel_pub",0.596936064141379,5.98191496108299,1,0.75
"Bro_ere.Bra_pin",1.33983524497799,36.1664692067234,1,0.75
"Ran_acr.Bro_hor",1.05154098194011,29.2526293212125,1,0.75
"Ran_acr.Pla_lan",0.993286642353915,3.04469577031768,1,0.75
"Ran_acr.Ach_mil",1.10234261311806,47.4988884328094,1,0.75
"Ran_acr.Ant_syl",1.02263573776316,1.10733356614942,1,0.75
"Ran_acr.Her_sph",0.985486794746385,28.2052958739704,1,0.75
"Ran_acr.Hel_pub",1.05101498656245,24.6181744073184,1,0.75
"Ran_acr.Bra_pin",0.967419726607296,22.158889696952,1,0.75
"Bro_hor.Pla_lan",1.00217544694387,32.3343192496932,1,0.75
"Bro_hor.Ach_mil",1.03899680422703,36.4611794364374,1,0.75
"Bro_hor.Ant_syl",0.968646845588194,36.0166617301532,1,0.75
"Bro_hor.Her_sph",1.22670446376824,0.149071770002078,1,0.75
"Bro_hor.Hel_pub",0.906736228809364,40.6185393484989,1,0.75
"Bro_hor.Bra_pin",0.968576743791758,38.7607251456897,1,0.75
"Pla_lan.Ach_mil",0.982310042577758,40.8680581810883,1,0.75
"Pla_lan.Ant_syl",0.96972198177843,0.134924351729599,1,0.75
"Pla_lan.Her_sph",0.951139967958922,28.0379579706512,1,0.75
"Pla_lan.Hel_pub",0.979559192187935,27.2157711743313,1,0.75
"Pla_lan.Bra_pin",0.828955558909123,13.567356897407,1,0.75
"Ach_mil.Ant_syl",0.968518438519114,40.6046765827373,1,0.75
"Ach_mil.Her_sph",0.983409881350829,37.0362761485228,1,0.75
"Ach_mil.Hel_pub",0.925860673877694,38.9915606079791,1,0.75
"Ach_mil.Bra_pin",0.946903399247801,44.4047560671339,0,0.75
"Ant_syl.Her_sph",1.11588623498054,34.826546123885,1,0.75
"Ant_syl.Hel_pub",0.868789880224215,28.4385797829347,1,0.75
"Ant_syl.Bra_pin",0.944879261037824,16.4270074626029,1,0.75
"Her_sph.Hel_pub",0.957705172468916,39.3742006983058,1,0.75
"Her_sph.Bra_pin",0.948056200158184,35.3164880987438,1,0.75
"Hel_pub.Bra_pin",0.964073758682465,6.66870223520747,1,0.75
"Poa_tri.Poa_pra",1.08129275379293,27.6979706416841,1,1
"Poa_tri.Alo_pra",1.03612035923308,7.75927939149117,1,1
"Poa_tri.Dac_glo",1.04120839803057,31.9346919187567,1,1
"Poa_tri.Tri_rep",1.0079723055011,44.1988960367603,1,1
"Poa_tri.Arr_ela",0.877386504699203,17.3843972401698,1,1
"Poa_tri.Fes_rub",0.862406629723648,25.0022410664708,1,1
"Poa_tri.Fes_pra",0.978860071948178,40.4985450251202,1,1
"Poa_tri.Tri_pra",0.983682865207667,7.0453231575383,1,1
"Poa_tri.Ran_rep",1.11684173666656,38.2240476445709,1,1
"Poa_tri.Bro_ere",0.925332345984782,1.12071872911342,1,1
"Poa_tri.Ran_acr",1.19355769559108,44.4560253926208,1,1
"Poa_tri.Bro_hor",0.923078052907882,32.0769552778699,1,1
"Poa_tri.Pla_lan",0.858664745543674,21.2512448012529,1,1
"Poa_tri.Ach_mil",0.858937409068994,38.7368305386252,0,1
"Poa_tri.Ant_syl",0.745380358522461,18.6534081689585,1,1
"Poa_tri.Her_sph",1.43706509634443,63.6914838603841,1,1
"Poa_tri.Hel_pub",0.788451833746009,1.94973279603042,1,1
"Poa_tri.Bra_pin",0.851788319265196,15.1753698632271,1,1
"Poa_pra.Alo_pra",1.00675170997962,24.3646491929103,1,1
"Poa_pra.Dac_glo",0.98304399864727,3.10782339918609,1,1
"Poa_pra.Tri_rep",1.07301117136562,39.4235801662996,1,1
"Poa_pra.Arr_ela",1.05475464938675,9.76531466588025,1,1
"Poa_pra.Fes_rub",1.13650252331956,3.14008539615265,1,1
"Poa_pra.Fes_pra",1.14958933861671,39.3682442138012,1,1
"Poa_pra.Tri_pra",1.11337510820095,22.9611588322622,1,1
"Poa_pra.Ran_rep",1.0653239570994,21.0521194179787,1,1
"Poa_pra.Bro_ere",0.965439822465278,28.8505544414621,1,1
"Poa_pra.Ran_acr",0.901545613545075,12.865711927059,1,1
"Poa_pra.Bro_hor",1.02925863357464,11.689919304839,1,1
"Poa_pra.Pla_lan",1.19806302709302,2.07816455793537,1,1
"Poa_pra.Ach_mil",1.10868051742501,46.0577370482131,1,1
"Poa_pra.Ant_syl",0.915425209956363,3.06209659560129,1,1
"Poa_pra.Her_sph",0.792513165192066,35.6476098309773,1,1
"Poa_pra.Hel_pub",0.853178919156854,28.2614112922582,1,1
"Poa_pra.Bra_pin",1.04853932600799,13.2653887479433,1,1
"Alo_pra.Dac_glo",1.04539451936995,27.5255806268383,1,1
"Alo_pra.Tri_rep",0.984683752256453,43.3878234184578,1,1
"Alo_pra.Arr_ela",1.06901377495676,22.1497971458649,1,1
"Alo_pra.Fes_rub",0.944597665823234,23.8459573450228,1,1
"Alo_pra.Fes_pra",0.985372111621431,41.4685099294792,1,1
"Alo_pra.Tri_pra",0.929173344531255,4.41283784593846,1,1
"Alo_pra.Ran_rep",1.09289214290584,38.8382801356163,1,1
"Alo_pra.Bro_ere",0.910140252355802,6.84468436709284,1,1
"Alo_pra.Ran_acr",1.1650713710271,41.6712474257389,1,1
"Alo_pra.Bro_hor",1.03414773600088,33.9195216532342,1,1
"Alo_pra.Pla_lan",1.0592056770291,25.6898978987395,1,1
"Alo_pra.Ach_mil",1.01783757198814,44.151462000126,1,1
"Alo_pra.Ant_syl",0.952870766335118,25.9991271610903,1,1
"Alo_pra.Her_sph",0.538689898571171,24.2348255590459,1,1
"Alo_pra.Hel_pub",0.825657907397363,1.77408257909254,1,1
"Alo_pra.Bra_pin",0.831717314125303,8.74771866694212,1,1
"Dac_glo.Tri_rep",1.14069335039056,39.7427429307165,1,1
"Dac_glo.Arr_ela",1.08113649605726,4.03888238995113,1,1
"Dac_glo.Fes_rub",0.897717838557156,4.77978341627645,1,1
"Dac_glo.Fes_pra",1.12734805065906,34.7285033329992,1,1
"Dac_glo.Tri_pra",0.964142381318032,29.5169351142555,1,1
"Dac_glo.Ran_rep",0.994014977610206,22.7261131539321,1,1
"Dac_glo.Bro_ere",0.906935769434433,26.4281129231453,1,1
"Dac_glo.Ran_acr",0.90769426444934,15.1455871829082,1,1
"Dac_glo.Bro_hor",1.1775273015911,20.9849525078151,1,1
"Dac_glo.Pla_lan",0.816707630107875,12.5693887720621,1,1
"Dac_glo.Ach_mil",1.04884969955507,38.7304514515631,1,1
"Dac_glo.Ant_syl",0.90543013474714,1.58691830370798,1,1
"Dac_glo.Her_sph",1.18590891539877,52.0602651481393,1,1
"Dac_glo.Hel_pub",1.02077066479633,18.4156419421999,1,1
"Dac_glo.Bra_pin",0.891967018866153,16.4393446464978,1,1
"Tri_rep.Arr_ela",0.989213605188334,40.5825769317633,1,1
"Tri_rep.Fes_rub",0.942775560271826,36.7119193329256,1,1
"Tri_rep.Fes_pra",1.09832696388319,3.62968877267871,1,1
"Tri_rep.Tri_pra",0.929111937082948,43.9491218222192,0,1
"Tri_rep.Ran_rep",1.05642783038147,31.8253624762564,1,1
"Tri_rep.Bro_ere",0.954757394820362,41.3251125049941,1,1
"Tri_rep.Ran_acr",1.14139392650509,27.7293400494659,1,1
"Tri_rep.Bro_hor",0.982908583279945,37.2842335232517,1,1
"Tri_rep.Pla_lan",1.17464212925529,32.8686581834024,1,1
"Tri_rep.Ach_mil",1.22140430440814,27.4526521788052,1,1
"Tri_rep.Ant_syl",1.09234688464145,34.524741152653,1,1
"Tri_rep.Her_sph",1.07530780137388,41.0062766445301,1,1
"Tri_rep.Hel_pub",0.872419323529484,45.5729330635227,0,1
"Tri_rep.Bra_pin",1.06720567952787,36.3576539969886,1,1
"Arr_ela.Fes_rub",1.07143201994359,6.64874910939608,1,1
"Arr_ela.Fes_pra",0.966862662668577,41.2608794501055,1,1
"Arr_ela.Tri_pra",0.883382037096883,29.9806209035095,1,1
"Arr_ela.Ran_rep",0.943556217988507,24.7612428020818,1,1
"Arr_ela.Bro_ere",0.936921768740505,25.1254188834713,1,1
"Arr_ela.Ran_acr",1.1555843519163,32.4120882899611,1,1
"Arr_ela.Bro_hor",0.94822410041773,16.5048638445205,1,1
"Arr_ela.Pla_lan",1.05201067598199,5.22040287691283,1,1
"Arr_ela.Ach_mil",1.12789342018835,48.2686166582343,1,1
"Arr_ela.Ant_syl",1.28381605703536,21.6877626042507,1,1
"Arr_ela.Her_sph",1.05512682063209,45.4348831883015,1,1
"Arr_ela.Hel_pub",0.805003147137423,22.943495345185,1,1
"Arr_ela.Bra_pin",1.04076806880174,3.25981916377896,1,1
"Fes_rub.Fes_pra",1.02299327242597,40.4851179491816,1,1
"Fes_rub.Tri_pra",0.942207033030141,22.1015140698748,1,1
"Fes_rub.Ran_rep",1.00161715105275,21.9424156474014,1,1
"Fes_rub.Bro_ere",0.897585342154129,27.6607781582174,1,1
"Fes_rub.Ran_acr",1.09272659538852,20.4004737644463,1,1
"Fes_rub.Bro_hor",0.955673054344203,16.6475806435227,1,1
"Fes_rub.Pla_lan",1.20463626101129,4.01456107380266,1,1
"Fes_rub.Ach_mil",0.911004784094758,38.8347678901798,1,1
"Fes_rub.Ant_syl",0.917298813461651,2.97581962682084,1,1
"Fes_rub.Her_sph",0.890236220193035,39.1071547081661,1,1
"Fes_rub.Hel_pub",1.19590281364716,13.308176387308,1,1
"Fes_rub.Bra_pin",0.800478705262321,16.7984243945305,1,1
"Fes_pra.Tri_pra",1.04896951328361,41.2050081198269,1,1
"Fes_pra.Ran_rep",1.07290009564059,32.5989815313333,1,1
"Fes_pra.Bro_ere",1.00726772905277,43.1353485662935,1,1
"Fes_pra.Ran_acr",1.0850763717147,30.4424622523669,1,1
"Fes_pra.Bro_hor",1.01900738355931,36.5432471127254,1,1
"Fes_pra.Pla_lan",1.07441333903006,37.0425574757106,1,1
"Fes_pra.Ach_mil",1.10061468207633,22.9077809733508,1,1
"Fes_pra.Ant_syl",1.02243960560962,36.9722317713201,1,1
"Fes_pra.Her_sph",0.949270776164874,34.8357955223969,1,1
"Fes_pra.Hel_pub",1.01497538067063,40.3928007704075,1,1
"Fes_pra.Bra_pin",0.980898864336528,42.4362818676043,1,1
"Tri_pra.Ran_rep",0.951134154114949,36.1161255981397,1,1
"Tri_pra.Bro_ere",0.953317105745993,2.78060765932573,1,1
"Tri_pra.Ran_acr",1.07932106454784,40.5825323251324,1,1
"Tri_pra.Bro_hor",0.994816224617698,33.0867217964629,1,1
"Tri_pra.Pla_lan",1.03703899643299,25.2091776191896,1,1
"Tri_pra.Ach_mil",0.986682084979486,45.1961258340009,0,1
"Tri_pra.Ant_syl",0.953840734871604,27.7387536115538,1,1
"Tri_pra.Her_sph",0.934152573820733,41.7765666496408,1,1
"Tri_pra.Hel_pub",0.925501906071704,4.09384017712686,1,1
"Tri_pra.Bra_pin",0.888666612889864,15.8132481452352,1,1
"Ran_rep.Bro_ere",0.952658584336542,36.5301776937254,1,1
"Ran_rep.Ran_acr",0.938626443190171,4.49343380743215,1,1
"Ran_rep.Bro_hor",1.03538311982269,12.4451125274628,1,1
"Ran_rep.Pla_lan",0.939020420687169,26.9276866415595,1,1
"Ran_rep.Ach_mil",0.963197079352083,37.5997623793109,1,1
"Ran_rep.Ant_syl",0.923586893060223,20.0159922802586,1,1
"Ran_rep.Her_sph",1.04481508488779,44.9662396284975,1,1
"Ran_rep.Hel_pub",0.91745977855797,35.342255305975,1,1
"Ran_rep.Bra_pin",0.944284598363114,30.2609945462068,1,1
"Bro_ere.Ran_acr",0.941864422010774,35.6332783782235,1,1
"Bro_ere.Bro_hor",0.955030162783008,33.7400453515303,1,1
"Bro_ere.Pla_lan",1.00874688250501,27.5446606278337,1,1
"Bro_ere.Ach_mil",0.920274302589328,40.5647538388686,1,1
"Bro_ere.Ant_syl",0.920983770413071,28.7186009957126,1,1
"Bro_ere.Her_sph",0.874557862070342,39.2432476559287,1,1
"Bro_ere.Hel_pub",0.754613247356225,1.04846969192812,1,1
"Bro_ere.Bra_pin",1.37167236062303,38.8132216652306,1,1
"Ran_acr.Bro_hor",1.04321107436514,8.89705279845036,1,1
"Ran_acr.Pla_lan",0.989984255353309,20.351087274351,1,1
"Ran_acr.Ach_mil",1.10800815313041,44.1878605163429,1,1
"Ran_acr.Ant_syl",1.02748387694987,11.4822801363414,1,1
"Ran_acr.Her_sph",1.00549192204727,45.8773921326506,0,1
"Ran_acr.Hel_pub",1.04597708651079,31.0297501836988,1,1
"Ran_acr.Bra_pin",0.963538605002277,29.4396374450984,1,1
"Bro_hor.Pla_lan",1.01331052294991,14.9563483486666,1,1
"Bro_hor.Ach_mil",1.03420304014486,42.4570489951814,1,1
"Bro_hor.Ant_syl",0.957331854323215,11.4862960732938,1,1
"Bro_hor.Her_sph",1.18969319968369,52.4215151467855,1,1
"Bro_hor.Hel_pub",0.914249508954267,31.3238354394281,1,1
"Bro_hor.Bra_pin",0.968963518877088,23.9763004285041,1,1
"Pla_lan.Ach_mil",0.998084909583899,40.6948432343624,1,1
"Pla_lan.Ant_syl",0.965431112132558,8.67197136511083,1,1
"Pla_lan.Her_sph",0.950015739570523,43.3809588623666,0,1
"Pla_lan.Hel_pub",0.983339759500283,20.9228268566662,1,1
"Pla_lan.Bra_pin",0.92487352228858,3.9525804184754,1,1
"Ach_mil.Ant_syl",0.96126284812794,40.1670984064627,1,1
"Ach_mil.Her_sph",0.990568531003713,31.0651865991083,1,1
"Ach_mil.Hel_pub",0.946915324017497,39.2865982060989,1,1
"Ach_mil.Bra_pin",0.937796172701539,44.6470190528865,0,1
"Ant_syl.Her_sph",1.12871363775896,47.3111542425226,1,1
"Ant_syl.Hel_pub",0.916050764823521,27.0003719441724,1,1
"Ant_syl.Bra_pin",0.950350386528008,16.9814705277527,1,1
"Her_sph.Hel_pub",0.987137896272977,44.2347117087481,1,1
"Her_sph.Bra_pin",0.9585918977357,43.742787484226,0,1
"Hel_pub.Bra_pin",0.951113845361052,8.1326211706007,1,1
"Poa_tri.Poa_pra",1.05335970349636,15.6059302369298,1,1.25
"Poa_tri.Alo_pra",1.02154428090196,10.7004367140162,1,1.25
"Poa_tri.Dac_glo",1.00743229879503,23.5586991511987,1,1.25
"Poa_tri.Tri_rep",0.96386597656126,19.0177457715309,1,1.25
"Poa_tri.Arr_ela",0.895332621655925,22.762997761909,1,1.25
"Poa_tri.Fes_rub",0.846308956088012,16.8502049416488,1,1.25
"Poa_tri.Fes_pra",0.982015347654536,36.76074710587,1,1.25
"Poa_tri.Tri_pra",0.957659797087954,7.43131982342952,1,1.25
"Poa_tri.Ran_rep",1.14216873062663,38.3303908439932,1,1.25
"Poa_tri.Bro_ere",0.925305659966232,7.99070770549145,1,1.25
"Poa_tri.Ran_acr",1.18417326562725,50.9047075528659,1,1.25
"Poa_tri.Bro_hor",0.932196127273498,27.5157149016437,1,1.25
"Poa_tri.Pla_lan",0.879044157262479,23.312740636335,1,1.25
"Poa_tri.Ach_mil",0.844520932124238,37.9517514038582,1,1.25
"Poa_tri.Ant_syl",0.863990004123082,29.0350641707852,1,1.25
"Poa_tri.Hel_pub",0.802790765689334,11.7320932889168,1,1.25
"Poa_tri.Bra_pin",0.823994107311817,21.8561881743963,1,1.25
"Poa_pra.Alo_pra",1.00538924919161,7.01093400145462,1,1.25
"Poa_pra.Dac_glo",0.986097462820625,4.72818416471848,1,1.25
"Poa_pra.Tri_rep",1.03163512465695,1.82947951158087,1,1.25
"Poa_pra.Arr_ela",1.02545719862985,15.8585237101553,1,1.25
"Poa_pra.Fes_rub",1.11938892022115,10.1695473317037,1,1.25
"Poa_pra.Fes_pra",1.12302384872442,33.3190841493057,1,1.25
"Poa_pra.Tri_pra",1.07312927390056,9.23827852897959,1,1.25
"Poa_pra.Ran_rep",1.05685824234429,30.2864395139563,1,1.25
"Poa_pra.Bro_ere",0.968133729818105,8.67459669859533,1,1.25
"Poa_pra.Ran_acr",0.881552123775309,38.7906482005744,1,1.25
"Poa_pra.Bro_hor",1.0040917397621,17.9471232449802,1,1.25
"Poa_pra.Pla_lan",1.14029567863797,20.7006201957655,1,1.25
"Poa_pra.Ach_mil",1.13006193270509,48.37229507574,1,1.25
"Poa_pra.Ant_syl",0.889681810536029,23.2366997374218,1,1.25
"Poa_pra.Hel_pub",0.839168261138578,3.61952692632732,1,1.25
"Poa_pra.Bra_pin",1.03967542333704,17.0729247773702,1,1.25
"Alo_pra.Dac_glo",1.03660662857959,16.9594499850733,1,1.25
"Alo_pra.Tri_rep",0.963219778784561,10.1992055918948,1,1.25
"Alo_pra.Arr_ela",1.06615412236252,25.3331256143026,1,1.25
"Alo_pra.Fes_rub",0.922235745612624,11.1931779991561,1,1.25
"Alo_pra.Fes_pra",0.989693958626649,35.4663778633916,1,1.25
"Alo_pra.Tri_pra",0.945817843745058,4.8434547807944,1,1.25
"Alo_pra.Ran_rep",1.05272583984422,34.1824894089023,1,1.25
"Alo_pra.Bro_ere",0.903833453141006,1.85292880458615,1,1.25
"Alo_pra.Ran_acr",1.14598638058,49.202135654751,1,1.25
"Alo_pra.Bro_hor",1.02364665430817,25.7956023714513,1,1.25
"Alo_pra.Pla_lan",1.02990897816581,23.2348141385146,1,1.25
"Alo_pra.Ach_mil",0.992251820293372,43.0751403462593,1,1.25
"Alo_pra.Ant_syl",0.979347893635378,31.7216929552815,1,1.25
"Alo_pra.Hel_pub",0.881079206931768,7.29751336095472,1,1.25
"Alo_pra.Bra_pin",0.776594478198268,13.2769267449484,1,1.25
"Dac_glo.Tri_rep",1.07633482601466,5.45498067590367,1,1.25
"Dac_glo.Arr_ela",1.06825151421073,12.9267224290706,1,1.25
"Dac_glo.Fes_rub",0.916862665696311,3.38867018588944,1,1.25
"Dac_glo.Fes_pra",1.10044151214629,27.732574179051,1,1.25
"Dac_glo.Tri_pra",0.947928738337387,20.5261908073574,1,1.25
"Dac_glo.Ran_rep",0.999872410359798,26.7550485921277,1,1.25
"Dac_glo.Bro_ere",0.92451274091026,13.5992246294575,1,1.25
"Dac_glo.Ran_acr",0.909804072866609,38.9764818160536,1,1.25
"Dac_glo.Bro_hor",1.15358772015236,20.0060044616997,1,1.25
"Dac_glo.Pla_lan",0.877507130222278,3.05482403823116,1,1.25
"Dac_glo.Ach_mil",1.0681856160526,41.8541290121903,1,1.25
"Dac_glo.Ant_syl",0.986473773289465,22.9693079031711,1,1.25
"Dac_glo.Hel_pub",0.956695727149616,4.1069705722325,1,1.25
"Dac_glo.Bra_pin",0.909697473095798,6.9501596368727,1,1.25
"Tri_rep.Arr_ela",0.936133293023948,14.5933436116929,1,1.25
"Tri_rep.Fes_rub",0.853976816731009,3.15348950606734,1,1.25
"Tri_rep.Fes_pra",1.09375914845723,35.4875682567833,1,1.25
"Tri_rep.Tri_pra",0.959080873990995,13.8355746729618,1,1.25
"Tri_rep.Ran_rep",1.01838146792362,28.2622488186043,1,1.25
"Tri_rep.Bro_ere",0.940142635975056,9.41711508162459,1,1.25
"Tri_rep.Ran_acr",1.09893763666309,47.0191645941024,1,1.25
"Tri_rep.Bro_hor",0.979249138946635,16.2647819511265,1,1.25
"Tri_rep.Pla_lan",1.15288745804124,19.9846583845293,1,1.25
"Tri_rep.Ach_mil",1.24203348007034,52.8108126093561,1,1.25
"Tri_rep.Ant_syl",1.08149538689871,31.2836915609961,1,1.25
"Tri_rep.Hel_pub",0.884090766468449,2.28571701613277,1,1.25
"Tri_rep.Bra_pin",1.01578877899847,17.1510751716293,1,1.25
"Arr_ela.Fes_rub",1.08681849640612,11.2947322991323,1,1.25
"Arr_ela.Fes_pra",0.988776475892607,25.0901350457254,1,1.25
"Arr_ela.Tri_pra",0.91416581089079,30.7459352571124,1,1.25
"Arr_ela.Ran_rep",0.944794032317589,14.9864953206271,1,1.25
"Arr_ela.Bro_ere",0.951440115087238,24.7499626837892,1,1.25
"Arr_ela.Ran_acr",1.12021551978831,48.5539028722608,1,1.25
"Arr_ela.Bro_hor",0.957597758017096,0.0919531870684508,1,1.25
"Arr_ela.Pla_lan",1.03628614322916,1.53824331326251,1,1.25
"Arr_ela.Ach_mil",1.11178447166866,46.901678424396,1,1.25
"Arr_ela.Ant_syl",1.2896835307962,26.9923950434775,1,1.25
"Arr_ela.Hel_pub",0.875177559573628,19.0598953575977,1,1.25
"Arr_ela.Bra_pin",1.12443944969863,4.68147065704,1,1.25
"Fes_rub.Fes_pra",1.01570490960034,32.8337995501893,1,1.25
"Fes_rub.Tri_pra",0.929243240007482,13.4927627226622,1,1.25
"Fes_rub.Ran_rep",0.973983291923064,26.5868781610672,1,1.25
"Fes_rub.Bro_ere",0.923047512588692,13.8091728660437,1,1.25
"Fes_rub.Ran_acr",1.08611866028382,43.8349424638945,1,1.25
"Fes_rub.Bro_hor",0.935285552164619,16.8237468901855,1,1.25
"Fes_rub.Pla_lan",1.18339964191315,16.8428552849059,1,1.25
"Fes_rub.Ach_mil",0.952678312847105,39.3561418732626,1,1.25
"Fes_rub.Ant_syl",0.906951333614835,23.1525484161751,1,1.25
"Fes_rub.Hel_pub",1.13562545941257,4.15363192781737,1,1.25
"Fes_rub.Bra_pin",0.674653195170915,0.360977060394202,1,1.25
"Fes_pra.Tri_pra",1.03039185616005,36.8996902447827,1,1.25
"Fes_pra.Ran_rep",1.05493570612148,11.6382191363305,1,1.25
"Fes_pra.Bro_ere",1.00867913379608,37.1682180198646,1,1.25
"Fes_pra.Ran_acr",1.10523309882206,42.4878884326494,1,1.25
"Fes_pra.Bro_hor",1.02010394832741,24.2007525801388,1,1.25
"Fes_pra.Pla_lan",1.04729146598503,25.2930075984237,1,1.25
"Fes_pra.Ach_mil",1.06606145536785,41.2670454821216,1,1.25
"Fes_pra.Ant_syl",0.998112942925047,12.6048278888379,1,1.25
"Fes_pra.Hel_pub",0.982279659437031,33.2502295051801,1,1.25
"Fes_pra.Bra_pin",0.892790469477305,31.6208542116969,1,1.25
"Tri_pra.Ran_rep",0.943119617903083,33.2583062608405,1,1.25
"Tri_pra.Bro_ere",0.963331684642868,4.55435228681429,1,1.25
"Tri_pra.Ran_acr",1.080322711476,46.6687051425005,1,1.25
"Tri_pra.Bro_hor",0.972291786451848,27.1610456695898,1,1.25
"Tri_pra.Pla_lan",1.01490258803078,24.0763687424175,1,1.25
"Tri_pra.Ach_mil",0.977063589076341,44.7459904561158,0,1.25
"Tri_pra.Ant_syl",0.948865635033259,31.4676921082652,1,1.25
"Tri_pra.Hel_pub",0.941104685598657,12.4001494801498,1,1.25
"Tri_pra.Bra_pin",0.8895395282216,22.9213323582827,1,1.25
"Ran_rep.Bro_ere",0.956804013685081,31.9559143477953,1,1.25
"Ran_rep.Ran_acr",0.950660914307918,38.9262904525093,1,1.25
"Ran_rep.Bro_hor",1.00863008384742,16.4185140978624,1,1.25
"Ran_rep.Pla_lan",0.945356914815328,20.656481053571,1,1.25
"Ran_rep.Ach_mil",0.966203964258678,38.8725284972876,1,1.25
"Ran_rep.Ant_syl",0.924223671397576,2.45532058586019,1,1.25
"Ran_rep.Hel_pub",0.931767206456908,27.8650615996581,1,1.25
"Ran_rep.Bra_pin",0.944844290610755,18.5366732507136,1,1.25
"Bro_ere.Ran_acr",0.952643451563684,42.2691820344888,1,1.25
"Bro_ere.Bro_hor",0.959749250374558,24.1379056397633,1,1.25
"Bro_ere.Pla_lan",1.00513962740064,22.1252568500991,1,1.25
"Bro_ere.Ach_mil",0.943960511237926,41.2656312843744,1,1.25
"Bro_ere.Ant_syl",0.934101491157815,30.6437496973486,1,1.25
"Bro_ere.Hel_pub",0.914876988602405,4.43444764152565,1,1.25
"Bro_ere.Bra_pin",1.40999466201834,42.583814329944,1,1.25
"Ran_acr.Bro_hor",1.03239936926627,42.7687175032552,1,1.25
"Ran_acr.Pla_lan",0.987429904157695,41.0859473665944,1,1.25
"Ran_acr.Ach_mil",1.11512573885937,3.737616458734,1,1.25
"Ran_acr.Ant_syl",1.03370446641181,36.3595294889965,1,1.25
"Ran_acr.Hel_pub",1.04463673540863,41.3337392576676,1,1.25
"Ran_acr.Bra_pin",0.958278436662665,43.8933469303349,0,1.25
"Bro_hor.Pla_lan",1.02460646021057,2.57645596743239,1,1.25
"Bro_hor.Ach_mil",1.02915132649198,43.5990098160444,1,1.25
"Bro_hor.Ant_syl",0.945344726846502,12.2153084655652,1,1.25
"Bro_hor.Hel_pub",0.922397956215272,17.3462473368716,1,1.25
"Bro_hor.Bra_pin",0.968260884807789,3.40812859623511,1,1.25
"Pla_lan.Ach_mil",1.0143413327859,40.5532164984037,1,1.25
"Pla_lan.Ant_syl",0.960874651128708,18.7939793060846,1,1.25
"Pla_lan.Hel_pub",0.985220598309431,12.1649768315369,1,1.25
"Pla_lan.Bra_pin",1.04196351137944,9.89044408941457,1,1.25
"Ach_mil.Ant_syl",0.953477840670851,38.9427156638982,1,1.25
"Ach_mil.Hel_pub",0.968527180684076,39.4632405658434,1,1.25
"Ach_mil.Bra_pin",0.924995456900846,44.6622468524166,0,1.25
"Ant_syl.Hel_pub",0.957486715971852,26.3679140027748,1,1.25
"Ant_syl.Bra_pin",0.955951762223317,17.7518193254506,1,1.25
"Hel_pub.Bra_pin",0.939464699622291,10.1905437269314,1,1.25
"Poa_tri.Poa_pra",1.02502224278599,7.52029630907773,1,1.5
"Poa_tri.Alo_pra",1.00692780198756,13.2906832231599,1,1.5
"Poa_tri.Dac_glo",0.979783133676267,17.166108543524,1,1.5
"Poa_tri.Tri_rep",0.919327040284357,4.09017696570575,1,1.5
"Poa_tri.Arr_ela",0.91145007713079,27.4501377727656,1,1.5
"Poa_tri.Fes_rub",0.831738378222906,10.8331340596664,1,1.5
"Poa_tri.Fes_pra",0.985112639784887,33.7897723476892,1,1.5
"Poa_tri.Tri_pra",0.929201940217214,7.4248597308989,1,1.5
"Poa_tri.Ran_rep",1.17532464400201,39.1009832720297,1,1.5
"Poa_tri.Bro_ere",0.925596258296139,17.6965984973171,1,1.5
"Poa_tri.Bro_hor",0.941645472312486,23.9587786846489,1,1.5
"Poa_tri.Pla_lan",0.899733552869634,25.2174752203353,1,1.5
"Poa_tri.Ach_mil",0.829456163874223,37.1322125344795,1,1.5
"Poa_tri.Ant_syl",1.0031274830719,39.5530654091779,1,1.5
"Poa_tri.Gal_mol",0.951077953456448,41.1323664170418,1,1.5
"Poa_tri.Hel_pub",0.816614319269315,21.2411464468289,1,1.5
"Poa_tri.Bra_pin",0.785673037857669,27.1778403242584,1,1.5
"Poa_pra.Alo_pra",1.00338989146082,5.09388681019439,1,1.5
"Poa_pra.Dac_glo",0.989128429128408,7.25395247314212,1,1.5
"Poa_pra.Tri_rep",0.993546997703035,3.38604963733234,1,1.5
"Poa_pra.Arr_ela",0.998860800817352,27.5514614353496,1,1.5
"Poa_pra.Fes_rub",1.10459899881921,12.4995403076198,1,1.5
"Poa_pra.Fes_pra",1.09648546232631,30.9849490662868,1,1.5
"Poa_pra.Tri_pra",1.02942681610258,0.173129469236999,1,1.5
"Poa_pra.Ran_rep",1.04728120560157,33.0605037162609,1,1.5
"Poa_pra.Bro_ere",0.969926134094282,11.7021418578997,1,1.5
"Poa_pra.Bro_hor",0.977999667203722,19.1062524927491,1,1.5
"Poa_pra.Pla_lan",1.0798373795396,27.3259866650421,1,1.5
"Poa_pra.Ach_mil",1.15229606132749,49.7221891651138,1,1.5
"Poa_pra.Ant_syl",0.8624433572773,32.8310597884145,1,1.5
"Poa_pra.Gal_mol",0.916024465038181,38.8881068592601,1,1.5
"Poa_pra.Hel_pub",0.827740525237096,16.2692683195882,1,1.5
"Poa_pra.Bra_pin",1.02556717612819,34.033541679418,1,1.5
"Alo_pra.Dac_glo",1.02715077005462,8.15204408739286,1,1.5
"Alo_pra.Tri_rep",0.942064229070945,8.04065456661576,1,1.5
"Alo_pra.Arr_ela",1.06331104771245,28.7728521249822,1,1.5
"Alo_pra.Fes_rub",0.902178357570226,0.999228846328155,1,1.5
"Alo_pra.Fes_pra",0.99404166999219,29.4115907050473,1,1.5
"Alo_pra.Tri_pra",0.964068203242893,5.17824413070356,1,1.5
"Alo_pra.Ran_rep",1.00258521823048,29.0271368965828,1,1.5
"Alo_pra.Bro_ere",0.897522629313237,5.38718235085779,1,1.5
"Alo_pra.Bro_hor",1.01307596854344,18.1977577707466,1,1.5
"Alo_pra.Pla_lan",1.00030823184058,20.7410484187824,1,1.5
"Alo_pra.Ach_mil",0.965381565004911,41.9336741546104,1,1.5
"Alo_pra.Ant_syl",1.00734026458154,37.9323198893849,1,1.5
"Alo_pra.Gal_mol",0.987049869166203,41.8125828965859,1,1.5
"Alo_pra.Hel_pub",0.931627966414818,18.2651286531379,1,1.5
"Alo_pra.Bra_pin",0.704928139134322,18.3907015520762,1,1.5
"Dac_glo.Tri_rep",1.01966287621221,14.1827479874029,1,1.5
"Dac_glo.Arr_ela",1.05481414527369,23.5089348568913,1,1.5
"Dac_glo.Fes_rub",0.933401714690162,1.84730529949869,1,1.5
"Dac_glo.Fes_pra",1.07836945366122,25.2962859592899,1,1.5
"Dac_glo.Tri_pra",0.932508691598859,13.2083509286425,1,1.5
"Dac_glo.Ran_rep",1.00590804309737,28.6113641528687,1,1.5
"Dac_glo.Bro_ere",0.93690336263065,2.90974168245914,1,1.5
"Dac_glo.Bro_hor",1.12814921966546,18.8754948495479,1,1.5
"Dac_glo.Pla_lan",0.939374919893329,13.3150366638899,1,1.5
"Dac_glo.Ach_mil",1.0923272965639,44.4287085848547,1,1.5
"Dac_glo.Ant_syl",1.07171566159271,38.5188185469616,1,1.5
"Dac_glo.Gal_mol",1.17202401115315,50.2125499938063,1,1.5
"Dac_glo.Hel_pub",0.89895321687505,12.1915307164119,1,1.5
"Dac_glo.Bra_pin",0.926823446979526,25.9739546182113,1,1.5
"Tri_rep.Arr_ela",0.888987381017572,27.6785965410593,1,1.5
"Tri_rep.Fes_rub",0.782225737230113,8.84552996782873,1,1.5
"Tri_rep.Fes_pra",1.08923689101533,36.4665268494056,1,1.5
"Tri_rep.Tri_pra",0.991349999020568,5.12564404589052,1,1.5
"Tri_rep.Ran_rep",0.971712625250817,32.3889437772588,1,1.5
"Tri_rep.Bro_ere",0.92531056762691,15.9589438825968,1,1.5
"Tri_rep.Bro_hor",0.97544082800516,23.1967495224691,1,1.5
"Tri_rep.Pla_lan",1.13066314420862,32.4770504759654,1,1.5
"Tri_rep.Ach_mil",1.26351054394945,54.8879287251777,1,1.5
"Tri_rep.Ant_syl",1.06921041379016,42.3692344039863,1,1.5
"Tri_rep.Gal_mol",0.944649308526404,40.9476893514487,1,1.5
"Tri_rep.Hel_pub",0.895152803834244,23.2850320582812,1,1.5
"Tri_rep.Bra_pin",0.94181608267658,33.5765399695063,1,1.5
"Arr_ela.Fes_rub",1.09839271819153,21.7782855299439,1,1.5
"Arr_ela.Fes_pra",1.00926366628609,6.60996257359796,1,1.5
"Arr_ela.Tri_pra",0.951101125657588,31.2962836930288,1,1.5
"Arr_ela.Ran_rep",0.947294712889846,3.62880924711244,1,1.5
"Arr_ela.Bro_ere",0.964278653711477,23.3342649448498,1,1.5
"Arr_ela.Bro_hor",0.968781466190544,13.1320861612461,1,1.5
"Arr_ela.Pla_lan",1.02023637200376,8.99668097953292,1,1.5
"Arr_ela.Ach_mil",1.09461489922642,45.1937245656571,1,1.5
"Arr_ela.Ant_syl",1.2957330835155,35.6862223772036,1,1.5
"Arr_ela.Gal_mol",0.956845450892728,36.5166349785914,1,1.5
"Arr_ela.Hel_pub",0.938406375575389,13.00076327557,1,1.5
"Arr_ela.Bra_pin",1.22789232895768,18.158856777195,1,1.5
"Fes_rub.Fes_pra",1.00847754213285,29.6369879633526,1,1.5
"Fes_rub.Tri_pra",0.912592368349716,6.87023982396089,1,1.5
"Fes_rub.Ran_rep",0.945523190400801,28.3685796722445,1,1.5
"Fes_rub.Bro_ere",0.942748821846904,3.10867871679739,1,1.5
"Fes_rub.Bro_hor",0.914386714626964,16.3625076837595,1,1.5
"Fes_rub.Pla_lan",1.16056089679817,23.3673681816014,1,1.5
"Fes_rub.Ach_mil",0.991070009768552,39.5903987721269,1,1.5
"Fes_rub.Ant_syl",0.892905874440172,33.1403288555467,1,1.5
"Fes_rub.Gal_mol",1.01510734051773,44.4012698656368,1,1.5
"Fes_rub.Hel_pub",1.07985857510603,21.8787092662729,1,1.5
"Fes_rub.Bra_pin",0.533704735503011,10.9250790522675,1,1.5
"Fes_pra.Tri_pra",1.01042100448688,33.0091001444646,1,1.5
"Fes_pra.Ran_rep",1.03326228403443,2.91234171576325,1,1.5
"Fes_pra.Bro_ere",1.0101245441871,26.9972003439058,1,1.5
"Fes_pra.Bro_hor",1.02129757509664,19.1206604334984,1,1.5
"Fes_pra.Pla_lan",1.01984828635686,15.8771844262596,1,1.5
"Fes_pra.Ach_mil",1.02917077548215,42.6062982883047,1,1.5
"Fes_pra.Ant_syl",0.971610259921593,16.9004762373721,1,1.5
"Fes_pra.Gal_mol",1.14479284014818,44.2746380342039,1,1.5
"Fes_pra.Hel_pub",0.954183972087735,18.7687602622882,1,1.5
"Fes_pra.Bra_pin",0.778515703726563,10.2974168370685,1,1.5
"Tri_pra.Ran_rep",0.932640757019799,30.4435515778076,1,1.5
"Tri_pra.Bro_ere",0.974153358104162,13.495976198645,1,1.5
"Tri_pra.Bro_hor",0.94825941758756,22.0046911013584,1,1.5
"Tri_pra.Pla_lan",0.992635846282198,22.9501087217372,1,1.5
"Tri_pra.Ach_mil",0.966877123707272,44.2778445345293,0,1.5
"Tri_pra.Ant_syl",0.943709710293914,34.9906867487688,1,1.5
"Tri_pra.Gal_mol",1.00338383320142,40.6098758246561,1,1.5
"Tri_pra.Hel_pub",0.956538925476168,21.7179189099582,1,1.5
"Tri_pra.Bra_pin",0.888764881028937,30.1974509047165,1,1.5
"Ran_rep.Bro_ere",0.962574334316552,24.1853579315782,1,1.5
"Ran_rep.Bro_hor",0.974809215238713,17.4175629518372,1,1.5
"Ran_rep.Pla_lan",0.950303294233795,15.1294701795524,1,1.5
"Ran_rep.Ach_mil",0.969191700402231,39.7257919804149,1,1.5
"Ran_rep.Ant_syl",0.925402847432141,18.7916723061175,1,1.5
"Ran_rep.Gal_mol",0.98838667810313,38.9991669239153,1,1.5
"Ran_rep.Hel_pub",0.946669959251568,14.9150703863925,1,1.5
"Ran_rep.Bra_pin",0.945154617760178,1.77554572873574,1,1.5
"Bro_ere.Bro_hor",0.964817547838584,9.77398363000586,1,1.5
"Bro_ere.Pla_lan",1.00151640240993,13.6629318508853,1,1.5
"Bro_ere.Ach_mil",0.969138967567313,41.8082663500239,1,1.5
"Bro_ere.Ant_syl",0.948025689534874,33.8202512398017,1,1.5
"Bro_ere.Gal_mol",1.05514970882423,45.9452189583018,1,1.5
"Bro_ere.Hel_pub",1.06776551887062,10.5691560557733,1,1.5
"Bro_ere.Bra_pin",1.4568506446905,48.6029315415195,1,1.5
"Bro_hor.Pla_lan",1.03606770120195,5.97608360440923,1,1.5
"Bro_hor.Ach_mil",1.02382017687524,43.9870092979222,1,1.5
"Bro_hor.Ant_syl",0.932624273028936,29.050590909916,1,1.5
"Bro_hor.Gal_mol",1.07294884358124,45.4055587426601,1,1.5
"Bro_hor.Hel_pub",0.931136623147845,2.0964914171279,1,1.5
"Bro_hor.Bra_pin",0.965801156537636,19.1973475545201,1,1.5
"Pla_lan.Ach_mil",1.03111370858666,40.4435500914936,1,1.5
"Pla_lan.Ant_syl",0.956024608859727,30.157659952644,1,1.5
"Pla_lan.Gal_mol",1.02563965906044,39.1789424642034,1,1.5
"Pla_lan.Hel_pub",0.985532678458115,0.935072782912794,1,1.5
"Pla_lan.Bra_pin",1.18514437571347,29.4250087023583,1,1.5
"Ach_mil.Ant_syl",0.945109010487186,35.0251419215946,1,1.5
"Ach_mil.Gal_mol",0.899656655865535,12.585761194827,1,1.5
"Ach_mil.Hel_pub",0.990865170303044,39.2382464037985,1,1.5
"Ach_mil.Bra_pin",0.906440801014504,43.6613115764961,0,1.5
"Ant_syl.Gal_mol",0.937754115727965,30.1295701652681,1,1.5
"Ant_syl.Hel_pub",0.993720692063913,27.3659984048768,1,1.5
"Ant_syl.Bra_pin",0.961550356257455,19.1459849806684,1,1.5
"Gal_mol.Hel_pub",1.04108082647513,37.1242262051881,1,1.5
"Gal_mol.Bra_pin",1.04537098962936,33.3077826623985,1,1.5
"Hel_pub.Bra_pin",0.928719833220324,13.9517595292107,1,1.5
"Poa_tri.Poa_pra",0.996166512907574,2.11572921923694,1,1.75
"Poa_tri.Alo_pra",0.99226399485267,15.5749640669835,1,1.75
"Poa_tri.Dac_glo",0.956681265611653,12.198934193668,1,1.75
"Poa_tri.Tri_rep",0.874376014161636,4.47901409966558,1,1.75
"Poa_tri.Arr_ela",0.925904709838699,31.5528623510296,1,1.75
"Poa_tri.Fes_rub",0.81824133326588,6.32426850785392,1,1.75
"Poa_tri.Fes_pra",0.98814362582468,31.4106160365089,1,1.75
"Poa_tri.Tri_pra",0.898189496166953,7.06206986462428,1,1.75
"Poa_tri.Ran_rep",1.21945375663415,40.6089022103553,1,1.75
"Poa_tri.Bro_ere",0.926225852693199,27.3711966296086,1,1.75
"Poa_tri.Bro_hor",0.951442553189274,21.1510668061025,1,1.75
"Poa_tri.Pla_lan",0.920686395491561,27.0037248273709,1,1.75
"Poa_tri.Ach_mil",0.81372247621906,36.2766280855384,1,1.75
"Poa_tri.Ant_syl",1.15314320117318,49.9002320533432,1,1.75
"Poa_tri.Gal_mol",0.89305570799228,36.8269948004148,1,1.75
"Poa_tri.Hel_pub",0.830082700504921,30.0031509422565,1,1.75
"Poa_tri.Car_hir",1.84164001486424,80.6221952222302,1,1.75
"Poa_tri.Bra_pin",0.73129992435063,30.7956613825218,1,1.75
"Poa_pra.Alo_pra",1.00084410943708,13.1170071281844,1,1.75
"Poa_pra.Dac_glo",0.992079198723451,8.4135749097464,1,1.75
"Poa_pra.Tri_rep",0.958528871213279,4.74064908568681,1,1.75
"Poa_pra.Arr_ela",0.974644950698479,33.5144341476514,1,1.75
"Poa_pra.Fes_rub",1.09165958264729,13.6422671757196,1,1.75
"Poa_pra.Fes_pra",1.06998175377695,29.4140945292703,1,1.75
"Poa_pra.Tri_pra",0.981990415675753,6.1974531920665,1,1.75
"Poa_pra.Ran_rep",1.03586819201754,34.2294576877328,1,1.75
"Poa_pra.Bro_ere",0.970923540470465,27.6294946130599,1,1.75
"Poa_pra.Bro_hor",0.951048369675279,19.0107091388338,1,1.75
"Poa_pra.Pla_lan",1.01753361003928,29.5492424937636,1,1.75
"Poa_pra.Ach_mil",1.17540195814307,50.8991430634631,1,1.75
"Poa_pra.Ant_syl",0.833692523174935,36.9065961151941,1,1.75
"Poa_pra.Gal_mol",0.839227278934572,33.9782202151632,1,1.75
"Poa_pra.Hel_pub",0.818375127494401,28.8429356954018,1,1.75
"Poa_pra.Car_hir",0.139178682774444,4.30557797461383,1,1.75
"Poa_pra.Bra_pin",1.00295336748154,42.4865887895241,1,1.75
"Alo_pra.Dac_glo",1.01725533740773,1.11912177819051,1,1.75
"Alo_pra.Tri_rep",0.921268355130178,17.0780537602387,1,1.75
"Alo_pra.Arr_ela",1.06048659576506,32.4789423443381,1,1.75
"Alo_pra.Fes_rub",0.883908263248008,6.90238607184832,1,1.75
"Alo_pra.Fes_pra",0.998415657076825,23.4461787137336,1,1.75
"Alo_pra.Tri_pra",0.984088382606538,5.40912030744438,1,1.75
"Alo_pra.Ran_rep",0.938063502614614,23.1971828789078,1,1.75
"Alo_pra.Bro_ere",0.891228070917966,15.6721493332368,1,1.75
"Alo_pra.Bro_hor",1.00242893917002,11.3159618579564,1,1.75
"Alo_pra.Pla_lan",0.970517391132168,18.2141926735307,1,1.75
"Alo_pra.Ach_mil",0.93719333040312,40.7252906631741,1,1.75
"Alo_pra.Ant_syl",1.03696327541908,44.5823794337521,1,1.75
"Alo_pra.Gal_mol",1.00363020621104,39.1471172794848,1,1.75
"Alo_pra.Hel_pub",0.977730095647743,31.3881930675869,1,1.75
"Alo_pra.Car_hir",0.471490667457242,18.9726784881925,1,1.75
"Alo_pra.Bra_pin",0.612628107315655,23.742520325581,1,1.75
"Dac_glo.Tri_rep",0.969015334982387,17.7477742955888,1,1.75
"Dac_glo.Arr_ela",1.04139958017494,29.9331022321736,1,1.75
"Dac_glo.Fes_rub",0.947699249095458,0.440315699415837,1,1.75
"Dac_glo.Fes_pra",1.05993425121154,24.2316870715864,1,1.75
"Dac_glo.Tri_pra",0.917399015644358,7.36372666530519,1,1.75
"Dac_glo.Ran_rep",1.01266027653679,29.7545180791212,1,1.75
"Dac_glo.Bro_ere",0.945415942898319,20.2388913168486,1,1.75
"Dac_glo.Bro_hor",1.10123927804462,17.6563732099165,1,1.75
"Dac_glo.Pla_lan",1.00170134872004,20.8050043759603,1,1.75
"Dac_glo.Ach_mil",1.1204102723964,46.8175963006651,1,1.75
"Dac_glo.Ant_syl",1.15963007640303,49.2868950928105,1,1.75
"Dac_glo.Gal_mol",1.11896019948283,45.1436061231777,1,1.75
"Dac_glo.Hel_pub",0.848460777766858,26.0111011089886,1,1.75
"Dac_glo.Car_hir",0.439102185027723,18.384507447851,1,1.75
"Dac_glo.Bra_pin",0.945259768248139,39.066514209957,1,1.75
"Tri_rep.Arr_ela",0.84735522016184,31.5114925236514,1,1.75
"Tri_rep.Fes_rub",0.724211849452852,9.90216547617976,1,1.75
"Tri_rep.Fes_pra",1.08475689623022,36.7966557861372,1,1.75
"Tri_rep.Tri_pra",1.02608968786623,16.5772562095128,1,1.75
"Tri_rep.Ran_rep",0.912591052752888,32.2921835424191,1,1.75
"Tri_rep.Bro_ere",0.910352124524829,29.7394765407204,1,1.75
"Tri_rep.Bro_hor",0.97147870367956,25.6107042626961,1,1.75
"Tri_rep.Pla_lan",1.10800950687586,36.7328392188069,1,1.75
"Tri_rep.Ach_mil",1.28575643925129,56.5748515428424,1,1.75
"Tri_rep.Ant_syl",1.05537089381139,45.6312491133958,1,1.75
"Tri_rep.Gal_mol",0.949173996790229,39.9761948367391,1,1.75
"Tri_rep.Hel_pub",0.905673197807308,35.0509922717624,1,1.75
"Tri_rep.Car_hir",1.45903473429924,64.8002507450779,1,1.75
"Tri_rep.Bra_pin",0.834367515512794,36.1018156914585,1,1.75
"Arr_ela.Fes_rub",1.10718451401808,27.921964709319,1,1.75
"Arr_ela.Fes_pra",1.02851289797569,11.009211314097,1,1.75
"Arr_ela.Tri_pra",0.994046979307759,31.5997239406803,1,1.75
"Arr_ela.Ran_rep",0.951532444440351,8.57153551816315,1,1.75
"Arr_ela.Bro_ere",0.975643572030592,19.31170488369,1,1.75
"Arr_ela.Bro_hor",0.981612580550111,22.6012421449846,1,1.75
"Arr_ela.Pla_lan",1.00390900732579,17.0829275463783,1,1.75
"Arr_ela.Ach_mil",1.07629803147454,42.8902700936155,1,1.75
"Arr_ela.Ant_syl",1.30200980282512,51.4876997879485,1,1.75
"Arr_ela.Gal_mol",0.979053272486273,23.052373648629,1,1.75
"Arr_ela.Hel_pub",0.995303014152724,0.135657853502215,1,1.75
"Arr_ela.Car_hir",1.64875237916225,64.3719973068081,1,1.75
"Arr_ela.Bra_pin",1.35525232378179,45.393320862359,1,1.75
"Fes_rub.Fes_pra",1.0012824177252,27.7987360660764,1,1.75
"Fes_rub.Tri_pra",0.892478011378691,1.97518033354789,1,1.75
"Fes_rub.Ran_rep",0.913960974872755,28.9684475472488,1,1.75
"Fes_rub.Bro_ere",0.957935164994236,19.6471108311078,1,1.75
"Fes_rub.Bro_hor",0.892963876709898,15.6752703870911,1,1.75
"Fes_rub.Pla_lan",1.13639299959656,26.8393110494058,1,1.75
"Fes_rub.Ach_mil",1.02726213914234,39.8581403262247,1,1.75
"Fes_rub.Ant_syl",0.875624195685109,38.2061630867307,1,1.75
"Fes_rub.Gal_mol",1.00968321829956,42.0126545592419,1,1.75
"Fes_rub.Hel_pub",1.02898446385166,35.697562820067,1,1.75
"Fes_rub.Car_hir",0.391823010588867,16.5472364306869,1,1.75
"Fes_rub.Bra_pin",0.396625997051984,15.4000651768346,1,1.75
"Fes_pra.Tri_pra",0.988899417229628,29.5537222775161,1,1.75
"Fes_pra.Ran_rep",1.00610227127587,1.23034603583296,1,1.75
"Fes_pra.Bro_ere",1.01160422518106,8.38034452892801,1,1.75
"Fes_pra.Bro_hor",1.02259349774841,16.2800425940613,1,1.75
"Fes_pra.Pla_lan",0.992178156618246,8.75780190172902,1,1.75
"Fes_pra.Ach_mil",0.98991889564757,42.136850729636,1,1.75
"Fes_pra.Ant_syl",0.942870273109391,37.896719203379,1,1.75
"Fes_pra.Gal_mol",1.07334983348892,33.787865326309,1,1.75
"Fes_pra.Hel_pub",0.930062333581023,8.0734608779724,1,1.75
"Fes_pra.Car_hir",1.69582527289606,69.1270913080891,1,1.75
"Fes_pra.Bra_pin",0.636556456203273,17.1587948345669,1,1.75
"Tri_pra.Ran_rep",0.918484747796912,27.6057937446073,1,1.75
"Tri_pra.Bro_ere",0.985882667355572,23.9569626654971,1,1.75
"Tri_pra.Bro_hor",0.922569985940728,17.5963497354742,1,1.75
"Tri_pra.Pla_lan",0.970286033669816,21.8320698934028,1,1.75
"Tri_pra.Ach_mil",0.956075085046563,43.7897741915818,0,1.75
"Tri_pra.Ant_syl",0.938388955947235,38.2449534993486,1,1.75
"Tri_pra.Gal_mol",1.05064302639452,39.7404242599845,1,1.75
"Tri_pra.Hel_pub",0.972036895325905,31.6828002866039,1,1.75
"Tri_pra.Car_hir",0.433376394936151,18.7944873426909,1,1.75
"Tri_pra.Bra_pin",0.884929835041547,37.2707946241166,1,1.75
"Ran_rep.Bro_ere",0.970764922068937,9.44899868163633,1,1.75
"Ran_rep.Bro_hor",0.930716355680284,16.9715885425655,1,1.75
"Ran_rep.Pla_lan",0.953134618198202,10.1972517847167,1,1.75
"Ran_rep.Ach_mil",0.972059907741586,40.3937709875216,1,1.75
"Ran_rep.Ant_syl",0.927436966251073,38.6621285402001,1,1.75
"Ran_rep.Gal_mol",0.981982033266189,30.3114020310601,1,1.75
"Ran_rep.Hel_pub",0.963134036392044,9.03292381382214,1,1.75
"Ran_rep.Car_hir",1.07096712729915,34.4480424116028,1,1.75
"Ran_rep.Bra_pin",0.944774537807764,31.2206834687671,1,1.75
"Bro_ere.Bro_hor",0.970246605185663,9.77347323415157,1,1.75
"Bro_ere.Pla_lan",0.997877256355358,0.580567155971472,1,1.75
"Bro_ere.Ach_mil",0.995880918431581,41.7855424143059,1,1.75
"Bro_ere.Ant_syl",0.962842797845073,40.5401374868808,1,1.75
"Bro_ere.Gal_mol",1.01532344613366,36.0870767472999,1,1.75
"Bro_ere.Hel_pub",1.20620597025166,19.0664237923127,1,1.75
"Bro_ere.Bra_pin",1.51501420462725,60.7768410382469,1,1.75
"Bro_hor.Pla_lan",1.04769897467183,12.0081060213099,1,1.75
"Bro_hor.Ach_mil",1.01818567541627,44.1111696893196,1,1.75
"Bro_hor.Ant_syl",0.919102146638425,39.7022964389784,1,1.75
"Bro_hor.Gal_mol",1.02714013853429,39.4201981432912,1,1.75
"Bro_hor.Hel_pub",0.940433319822361,23.9081684770307,1,1.75
"Bro_hor.Car_hir",0.689705158820014,27.630286687084,1,1.75
"Bro_hor.Bra_pin",0.960313610413798,37.5481934064988,1,1.75
"Pla_lan.Ach_mil",1.04844006275632,40.3665768058727,1,1.75
"Pla_lan.Ant_syl",0.950848945253824,41.9665940668198,1,1.75
"Pla_lan.Gal_mol",0.997074130247757,32.4589737965962,1,1.75
"Pla_lan.Hel_pub",0.984536856679014,21.0223604207005,1,1.75
"Pla_lan.Car_hir",0.736642148882107,27.0459316876218,1,1.75
"Pla_lan.Bra_pin",1.35551916436748,54.4766114480323,1,1.75
"Ach_mil.Ant_syl",0.936095125284861,4.53606412735224,1,1.75
"Ach_mil.Gal_mol",0.902965205928198,31.9844438924135,1,1.75
"Ach_mil.Hel_pub",1.01407791211178,37.2306839331322,1,1.75
"Ach_mil.Car_hir",1.00458213924252,16.6774849314907,1,1.75
"Ach_mil.Bra_pin",0.878326894056621,32.3507986254451,1,1.75
"Ant_syl.Gal_mol",0.917307097462658,30.2868792233324,1,1.75
"Ant_syl.Hel_pub",1.02537825677656,34.3524123911223,1,1.75
"Ant_syl.Car_hir",0.842517721684357,23.3728736693325,1,1.75
"Ant_syl.Bra_pin",0.966856528485875,25.9472573871708,1,1.75
"Gal_mol.Hel_pub",1.0702855936471,21.7091053435344,1,1.75
"Gal_mol.Car_hir",0.888233797611241,14.4523741153817,1,1.75
"Gal_mol.Bra_pin",1.1042021213994,13.1852102628073,1,1.75
"Hel_pub.Car_hir",0.859555934013628,28.7173364706541,1,1.75
"Hel_pub.Bra_pin",0.918413085347365,25.5662939122172,1,1.75
"Poa_tri.Poa_pra",0.966697219163335,1.53312379067553,1,2
"Poa_tri.Alo_pra",0.977544454824118,17.5944822320619,1,2
"Poa_tri.Dac_glo",0.937018110038336,8.26472967626693,1,2
"Poa_tri.Tri_rep",0.829044520716619,9.66287817375029,1,2
"Poa_tri.Arr_ela",0.938843395898227,35.1649820430921,1,2
"Poa_tri.Fes_rub",0.805492281151711,2.8852639627804,1,2
"Poa_tri.Fes_pra",0.991099140429372,29.4930515079233,1,2
"Poa_tri.Tri_pra",0.864557423081106,6.37292035134785,1,2
"Poa_tri.Ran_rep",1.27915958619906,43.0140728807342,1,2
"Poa_tri.Bro_ere",0.927217880297984,36.3948150680703,1,2
"Poa_tri.Bro_hor",0.961604826802543,18.9092649388907,1,2
"Poa_tri.Pla_lan",0.941851523432761,28.6983163484273,1,2
"Poa_tri.Ach_mil",0.797301794033823,35.3835474362442,1,2
"Poa_tri.Gal_mol",0.828951841811164,32.5521442061282,1,2
"Poa_tri.Hel_pub",0.843329857330934,37.7328216051084,1,2
"Poa_tri.Car_hir",1.87456759766049,80.7775584768257,1,2
"Poa_pra.Alo_pra",0.997829396637598,18.4820817991062,1,2
"Poa_pra.Dac_glo",0.994919968558373,9.03379118402389,1,2
"Poa_pra.Tri_rep",0.926341011454037,5.00168596736699,1,2
"Poa_pra.Arr_ela",0.952530952936322,36.946801011915,1,2
"Poa_pra.Fes_rub",1.08022248942662,14.319889207654,1,2
"Poa_pra.Fes_pra",1.04353087450339,28.1162551513839,1,2
"Poa_pra.Tri_pra",0.930654236298238,9.83938118938717,1,2
"Poa_pra.Ran_rep",1.02136242714541,34.6579583058609,1,2
"Poa_pra.Bro_ere",0.971217947650747,38.5114495477311,1,2
"Poa_pra.Bro_hor",0.923317906098097,18.4056741135952,1,2
"Poa_pra.Pla_lan",0.954429574500537,29.8250397084254,1,2
"Poa_pra.Ach_mil",1.19938912732246,52.0382464077486,1,2
"Poa_pra.Gal_mol",0.757425742821766,29.5863520344278,1,2
"Poa_pra.Hel_pub",0.810664090709166,36.4172813187438,1,2
"Poa_pra.Car_hir",0.140326640139431,3.02148812132482,1,2
"Alo_pra.Dac_glo",1.00707579887576,4.39264350435249,1,2
"Alo_pra.Tri_rep",0.900877473443998,21.8876995783296,1,2
"Alo_pra.Arr_ela",1.05768238019113,36.4546989802147,1,2
"Alo_pra.Fes_rub",0.867059781885386,12.9654770727841,1,2
"Alo_pra.Fes_pra",1.0028163237329,17.7006096397164,1,2
"Alo_pra.Tri_pra",1.00605527245169,5.52755220957313,1,2
"Alo_pra.Ran_rep",0.852513947465513,16.4177004200948,1,2
"Alo_pra.Bro_ere",0.884969302164929,29.4161635965131,1,2
"Alo_pra.Bro_hor",0.991698418201118,5.22419517252973,1,2
"Alo_pra.Pla_lan",0.940655283568799,15.6601664935894,1,2
"Alo_pra.Ach_mil",0.907667879667114,39.4488325080484,1,2
"Alo_pra.Gal_mol",1.02300801395128,36.5006699947838,1,2
"Alo_pra.Hel_pub",1.01983992316787,46.2779916284466,0,2
"Alo_pra.Car_hir",0.639919829529422,22.4403779770458,1,2
"Dac_glo.Tri_rep",0.923212426921198,19.8214792776881,1,2
"Dac_glo.Arr_ela",1.02833340802011,33.939036280587,1,2
"Dac_glo.Fes_rub",0.960106146009189,0.80046738942572,1,2
"Dac_glo.Fes_pra",1.04429284176312,23.7203299916888,1,2
"Dac_glo.Tri_pra",0.902232395137107,2.73335763517115,1,2
"Dac_glo.Ran_rep",1.02090956786056,30.6296341281699,1,2
"Dac_glo.Bro_ere",0.950969145526463,34.959723501596,1,2
"Dac_glo.Bro_hor",1.0728896279364,16.3654712941716,1,2
"Dac_glo.Pla_lan",1.063676046929,26.7443052419741,1,2
"Dac_glo.Ach_mil",1.15175100000442,49.1284217319469,1,2
"Dac_glo.Gal_mol",1.05672640597188,40.6706803865626,1,2
"Dac_glo.Hel_pub",0.805018694463635,35.7032646392016,1,2
"Dac_glo.Car_hir",0.333811567999483,11.0028639461826,1,2
"Tri_rep.Arr_ela",0.810693398933967,32.722869819168,1,2
"Tri_rep.Fes_rub",0.676911203563352,9.8140974483338,1,2
"Tri_rep.Fes_pra",1.08031603764417,36.9549613522275,1,2
"Tri_rep.Tri_pra",1.06344633698615,24.2177139613728,1,2
"Tri_rep.Ran_rep",0.83514626028079,30.3751160231016,1,2
"Tri_rep.Bro_ere",0.895354830032285,36.8687108219741,1,2
"Tri_rep.Bro_hor",0.967357460423244,26.7461301325519,1,2
"Tri_rep.Pla_lan",1.08497277222848,38.4595899795746,1,2
"Tri_rep.Ach_mil",1.30868010983557,58.1719661873675,1,2
"Tri_rep.Gal_mol",0.954463316657607,39.6448319413511,1,2
"Tri_rep.Hel_pub",0.915706897571954,41.1729771105126,1,2
"Tri_rep.Car_hir",1.29124370617528,56.2283468382173,1,2
"Arr_ela.Fes_rub",1.1139145342718,31.7042251871429,1,2
"Arr_ela.Fes_pra",1.0466841210755,25.2899544426633,1,2
"Arr_ela.Tri_pra",1.0426151104582,31.641460615573,1,2
"Arr_ela.Ran_rep",0.958380916740957,20.4443633494868,1,2
"Arr_ela.Bro_ere",0.985712131411036,4.23039152290294,1,2
"Arr_ela.Bro_hor",0.995944791268761,29.0665823276937,1,2
"Arr_ela.Pla_lan",0.98734902644731,25.6336117667274,1,2
"Arr_ela.Ach_mil",1.05674318344279,39.338240531994,1,2
"Arr_ela.Gal_mol",1.00559053643853,3.97290555616848,1,2
"Arr_ela.Hel_pub",1.04651081821689,43.6105712000755,1,2
"Arr_ela.Car_hir",1.62378945935858,41.2081642989769,1,2
"Fes_rub.Fes_pra",0.994099443336195,26.5460665907467,1,2
"Fes_rub.Tri_pra",0.869010873465955,1.52880723827822,1,2
"Fes_rub.Ran_rep",0.875977978118259,28.7481435442523,1,2
"Fes_rub.Bro_ere",0.969546736615013,32.9097847289122,1,2
"Fes_rub.Bro_hor",0.871018220251645,14.8714658896433,1,2
"Fes_rub.Pla_lan",1.1111227353881,28.6904832237041,1,2
"Fes_rub.Ach_mil",1.06205943187238,40.2236504499302,1,2
"Fes_rub.Gal_mol",1.00469218511852,40.5320081550218,1,2
"Fes_rub.Hel_pub",0.983023778957214,44.9985537631854,0,2
"Fes_rub.Car_hir",0.383967602452979,14.0981905146262,1,2
"Fes_pra.Tri_pra",0.965650932153012,26.5373320631421,1,2
"Fes_pra.Ran_rep",0.970345314992907,3.08475489900688,1,2
"Fes_pra.Bro_ere",1.01311843760359,22.6266934093156,1,2
"Fes_pra.Bro_hor",1.02399725352962,14.3983150480656,1,2
"Fes_pra.Pla_lan",0.964380289000129,3.51883515217909,1,2
"Fes_pra.Ach_mil",0.948342828063487,41.0453012439293,1,2
"Fes_pra.Gal_mol",0.989631178251294,26.3647194309854,1,2
"Fes_pra.Hel_pub",0.909360672857366,40.4817591538525,1,2
"Fes_pra.Car_hir",1.67493242716551,61.8933682531729,1,2
"Tri_pra.Ran_rep",0.898527052843428,24.6374732563229,1,2
"Tri_pra.Bro_ere",0.998636255051633,35.3954444175514,1,2
"Tri_pra.Bro_hor",0.895058738972168,13.8809424230876,1,2
"Tri_pra.Pla_lan",0.947900384038606,20.7240756314332,1,2
"Tri_pra.Ach_mil",0.944604910408578,43.2797674511913,0,2
"Tri_pra.Gal_mol",1.10434880642568,39.2788543518827,1,2
"Tri_pra.Hel_pub",0.987814788222869,41.7084119437037,1,2
"Tri_pra.Car_hir",0.515626374984757,19.9109032330554,1,2
"Ran_rep.Bro_ere",0.982788709740923,19.3073037792945,1,2
"Ran_rep.Bro_hor",0.871123121642468,15.3614519217774,1,2
"Ran_rep.Pla_lan",0.952572600731571,5.68989935893501,1,2
"Ran_rep.Ach_mil",0.974616725495877,40.9810732921581,1,2
"Ran_rep.Gal_mol",0.973006224973624,24.8108216690903,1,2
"Ran_rep.Hel_pub",0.982706141420316,44.0701873667406,1,2
"Ran_rep.Car_hir",0.931803676348581,16.6892068267724,1,2
"Bro_ere.Bro_hor",0.976047822304945,30.9515607571621,1,2
"Bro_ere.Pla_lan",0.994222242015998,24.6837960305196,1,2
"Bro_ere.Ach_mil",1.02424610390255,38.2742922059091,1,2
"Bro_ere.Gal_mol",0.970510446831975,6.18003743702175,1,2
"Bro_ere.Hel_pub",1.32755759319046,47.3939938443665,1,2
"Bro_hor.Pla_lan",1.05950531669517,16.4120043076701,1,2
"Bro_hor.Ach_mil",1.0122211308951,44.1068790744036,1,2
"Bro_hor.Gal_mol",0.974797346001589,34.7380842456126,1,2
"Bro_hor.Hel_pub",0.95026509249944,42.3427070241174,1,2
"Bro_hor.Car_hir",0.690052410128209,23.561115280644,1,2
"Pla_lan.Ach_mil",1.06636245263515,40.3233755497388,1,2
"Pla_lan.Gal_mol",0.96669043023837,26.4010171642799,1,2
"Pla_lan.Hel_pub",0.982441426290953,47.9140025242866,0,2
"Pla_lan.Car_hir",0.793901319504433,21.98374738428,1,2
"Ach_mil.Gal_mol",0.906999655572341,36.1788504744474,1,2
"Ach_mil.Hel_pub",1.03829797314794,35.0519775070912,1,2
"Ach_mil.Car_hir",1.04768011707689,29.6932904961342,1,2
"Gal_mol.Hel_pub",1.10443176482455,43.9752544996303,1,2
"Gal_mol.Car_hir",0.871583219222767,3.38823909000468,1,2
"Hel_pub.Car_hir",0.948375292393617,43.6832251690701,0,2
"Poa_tri.Poa_pra",0.936537822245539,4.00183674952252,1,2.25
"Poa_tri.Alo_pra",0.962759175703118,19.3860075196319,1,2.25
"Poa_tri.Dac_glo",0.919998531796013,5.09258126489924,1,2.25
"Poa_tri.Tri_rep",0.783377587396116,12.9516119494026,1,2.25
"Poa_tri.Arr_ela",0.950395114531033,38.3659527898895,1,2.25
"Poa_tri.Fes_rub",0.793248941858904,0.220124031546257,1,2.25
"Poa_tri.Fes_pra",0.993969075262477,27.9403012717386,1,2.25
"Poa_tri.Tri_pra",0.828320597091825,5.38414380809378,1,2.25
"Poa_tri.Ran_rep",1.36088329739994,46.5730856999705,1,2.25
"Poa_tri.Bro_hor",0.972150811920438,17.1018012810943,1,2.25
"Poa_tri.Pla_lan",0.963173599474807,30.3203318437877,1,2.25
"Poa_tri.Ach_mil",0.780179421154662,34.451664809523,1,2.25
"Poa_tri.Gal_mol",0.759066360681305,28.2623510897142,1,2.25
"Poa_tri.Car_hir",1.88300754234713,80.144235991068,1,2.25
"Poa_pra.Alo_pra",0.994412433880927,22.1611309781735,1,2.25
"Poa_pra.Dac_glo",0.997636761073993,9.39178124971181,1,2.25
"Poa_pra.Tri_rep",0.896739053629758,4.84596903568272,1,2.25
"Poa_pra.Arr_ela",0.932276972360164,39.0992236533312,1,2.25
"Poa_pra.Fes_rub",1.07002504227517,14.7715127366433,1,2.25
"Poa_pra.Fes_pra",1.01715971143812,26.942181649056,1,2.25
"Poa_pra.Tri_pra",0.875422324213598,11.8229608879888,1,2.25
"Poa_pra.Ran_rep",1.00132771340803,34.5345999469764,1,2.25
"Poa_pra.Bro_hor",0.894902567617009,17.5373144875546,1,2.25
"Poa_pra.Pla_lan",0.891669542640337,29.1216154064023,1,2.25
"Poa_pra.Ach_mil",1.22425621094876,53.1812773827968,1,2.25
"Poa_pra.Gal_mol",0.672472078468594,25.3993807986641,1,2.25
"Poa_pra.Car_hir",0.139981849292917,2.21987932809701,1,2.25
"Alo_pra.Dac_glo",0.996721945665394,8.69505464795625,1,2.25
"Alo_pra.Tri_rep",0.880930743259334,24.6104327898447,1,2.25
"Alo_pra.Arr_ela",1.05489967421557,40.6942090832576,1,2.25
"Alo_pra.Fes_rub",0.851367411936308,17.6406353391311,1,2.25
"Alo_pra.Fes_pra",1.00724406606425,12.2785561468374,1,2.25
"Alo_pra.Tri_pra",1.03015641504447,5.52465899335243,1,2.25
"Alo_pra.Ran_rep",0.736669615904044,8.2957552690635,1,2.25
"Alo_pra.Bro_hor",0.980876829227284,0.0917947932124817,1,2.25
"Alo_pra.Pla_lan",0.910842734284212,13.0850921201815,1,2.25
"Alo_pra.Ach_mil",0.876804075913081,38.1039289093269,1,2.25
"Alo_pra.Gal_mol",1.04576512610944,33.9280788213522,1,2.25
"Alo_pra.Car_hir",0.778915933533982,24.4831847944555,1,2.25
"Dac_glo.Tri_rep",0.881401912220746,21.2930114048021,1,2.25
"Dac_glo.Arr_ela",1.01579309892409,36.5229083525762,1,2.25
"Dac_glo.Fes_rub",0.970928838556899,1.88776190738423,1,2.25
"Dac_glo.Fes_pra",1.03083795837732,23.469014441704,1,2.25
"Dac_glo.Tri_pra",0.886706242190579,0.922484657258109,1,2.25
"Dac_glo.Ran_rep",1.03205056883289,31.4586521114448,1,2.25
"Dac_glo.Bro_hor",1.04314548669682,15.0099494687949,1,2.25
"Dac_glo.Pla_lan",1.12441525866049,31.7173401060407,1,2.25
"Dac_glo.Ach_mil",1.18575567116716,51.4028152938411,1,2.25
"Dac_glo.Gal_mol",0.983941370945697,36.2597902540471,1,2.25
"Dac_glo.Car_hir",0.290441000029559,7.21720533025553,1,2.25
"Tri_rep.Arr_ela",0.778425578902742,32.9409249066202,1,2.25
"Tri_rep.Fes_rub",0.637889661650856,9.38967266961363,1,2.25
"Tri_rep.Fes_pra",1.07591134581827,37.0412027726004,1,2.25
"Tri_rep.Tri_pra",1.10352496077661,29.8913889577565,1,2.25
"Tri_rep.Ran_rep",0.730735677719326,26.8265678285203,1,2.25
"Tri_rep.Bro_hor",0.963071418818463,27.3432349592871,1,2.25
"Tri_rep.Pla_lan",1.06160474171913,39.1013761250206,1,2.25
"Tri_rep.Ach_mil",1.33217950193151,59.7384372436369,1,2.25
"Tri_rep.Gal_mol",0.960691856200531,39.6004522307514,1,2.25
"Tri_rep.Car_hir",1.16211774905409,49.8218952911151,1,2.25
"Arr_ela.Fes_rub",1.11909537956123,34.1485435493532,1,2.25
"Arr_ela.Fes_pra",1.06391335037217,35.9097543820302,1,2.25
"Arr_ela.Tri_pra",1.09608705452693,31.4274938220654,1,2.25
"Arr_ela.Ran_rep",0.96958722771249,30.8910371365163,1,2.25
"Arr_ela.Bro_hor",1.01164297141889,33.4196096713774,1,2.25
"Arr_ela.Pla_lan",0.970599325476768,34.4002511403743,1,2.25
"Arr_ela.Ach_mil",1.03585662550441,32.2061058876659,1,2.25
"Arr_ela.Gal_mol",1.03718568156212,17.2611592592167,1,2.25
"Arr_ela.Car_hir",1.60632301045442,13.4889523367868,1,2.25
"Fes_rub.Fes_pra",0.986914252462343,25.5970403847537,1,2.25
"Fes_rub.Tri_pra",0.842235252977801,3.93945569445703,1,2.25
"Fes_rub.Ran_rep",0.825832952716055,27.6589420685515,1,2.25
"Fes_rub.Bro_hor",0.848562541450844,13.9935514199575,1,2.25
"Fes_rub.Pla_lan",1.08495028275875,29.5971824113365,1,2.25
"Fes_rub.Ach_mil",1.09607545531896,40.7013235965187,1,2.25
"Fes_rub.Gal_mol",0.999966525523685,39.5182006154229,1,2.25
"Fes_rub.Car_hir",0.378756941996903,12.4667375922726,1,2.25
"Fes_pra.Tri_pra",0.940479958846382,23.9524567221721,1,2.25
"Fes_pra.Ran_rep",0.92008552779127,3.30564219975822,1,2.25
"Fes_pra.Bro_hor",1.02551470220896,13.0098528940547,1,2.25
"Fes_pra.Pla_lan",0.936556653510731,0.293905288019941,1,2.25
"Fes_pra.Ach_mil",0.904555168742907,39.6300330616135,1,2.25
"Fes_pra.Gal_mol",0.893630199288215,19.8920970021633,1,2.25
"Fes_pra.Car_hir",1.66040633668026,57.5749575099696,1,2.25
"Tri_pra.Ran_rep",0.868710331481973,21.3438763140818,1,2.25
"Tri_pra.Bro_hor",0.865544943712697,10.7904767482906,1,2.25
"Tri_pra.Pla_lan",0.925525196479012,19.6280636390836,1,2.25
"Tri_pra.Ach_mil",0.932408484774273,42.7457062323943,0,2.25
"Tri_pra.Gal_mol",1.16521478250592,39.2477934045014,1,2.25
"Tri_pra.Car_hir",0.575800025962299,20.2234485924333,1,2.25
"Ran_rep.Bro_hor",0.787337344296673,12.4067917932087,1,2.25
"Ran_rep.Pla_lan",0.946131036035627,1.39667924335213,1,2.25
"Ran_rep.Ach_mil",0.976465706975166,41.5536034054165,1,2.25
"Ran_rep.Gal_mol",0.95958353108651,21.3259742781112,1,2.25
"Ran_rep.Car_hir",0.887092909200523,4.39131842126989,1,2.25
"Bro_hor.Pla_lan",1.0714920929277,19.73922033261,1,2.25
"Bro_hor.Ach_mil",1.00589667200588,44.0258801128855,1,2.25
"Bro_hor.Gal_mol",0.915023105456104,30.5825617440799,1,2.25
"Bro_hor.Car_hir",0.691135532379484,20.753153591113,1,2.25
"Pla_lan.Ach_mil",1.08492740472873,40.3153646520404,1,2.25
"Pla_lan.Gal_mol",0.934132096743963,20.9980102911257,1,2.25
"Pla_lan.Car_hir",0.830998967736411,16.8534917555371,1,2.25
"Ach_mil.Gal_mol",0.911954563185402,37.7064173063594,1,2.25
"Ach_mil.Car_hir",1.07655240192003,32.9503791031989,1,2.25
"Gal_mol.Car_hir",0.86088213928204,0.733245725988543,1,2.25
"Poa_tri.Poa_pra",0.905631367332771,5.64595176970859,1,2.5
"Poa_tri.Alo_pra",0.947896409889243,20.9818305246713,1,2.5
"Poa_tri.Dac_glo",0.90503969106203,2.49433414769804,1,2.5
"Poa_tri.Tri_rep",0.737435482775285,15.0918273081554,1,2.5
"Poa_tri.Arr_ela",0.960672265532433,41.2219290389926,1,2.5
"Poa_tri.Fes_rub",0.781324718711818,1.87139665407502,1,2.5
"Poa_tri.Fes_pra",0.996742264178776,26.680010031511,1,2.5
"Poa_tri.Tri_pra",0.789600792751836,4.12184856238319,1,2.5
"Poa_tri.Ran_rep",1.47229675476204,51.6074332986422,1,2.5
"Poa_tri.Bro_hor",0.983100165937773,15.6333755850927,1,2.5
"Poa_tri.Pla_lan",0.984593681221934,31.8834735000508,1,2.5
"Poa_tri.Ach_mil",0.762344981199232,33.4798418463879,1,2.5
"Poa_tri.Gal_mol",0.684247098987822,23.9516318768543,1,2.5
"Poa_tri.Car_hir",1.88364741575472,79.4221318680217,1,2.5
"Poa_pra.Alo_pra",0.990650842255286,24.7472829697459,1,2.5
"Poa_pra.Dac_glo",1.00022473848509,9.6056430446585,1,2.5
"Poa_pra.Tri_rep",0.869485280154473,4.51353115728638,1,2.5
"Poa_pra.Arr_ela",0.913673270905094,40.5320179317686,1,2.5
"Poa_pra.Fes_rub",1.06086478829434,15.0978095048227,1,2.5
"Poa_pra.Fes_pra",0.990902158348293,25.832760908115,1,2.5
"Poa_pra.Tri_pra",0.816530165957575,12.6285597208142,1,2.5
"Poa_pra.Ran_rep",0.970288072191242,33.7390863603998,1,2.5
"Poa_pra.Bro_hor",0.865910256218105,16.5126062531609,1,2.5
"Poa_pra.Pla_lan",0.830371377712375,27.9038236775309,1,2.5
"Poa_pra.Ach_mil",1.24998964868928,54.3447048414054,1,2.5
"Poa_pra.Gal_mol",0.586821346161843,21.3655136906043,1,2.5
"Poa_pra.Car_hir",0.138938829413596,1.68614038385375,1,2.5
"Alo_pra.Dac_glo",0.986273680079554,12.0652281147515,1,2.5
"Alo_pra.Tri_rep",0.861461116562066,26.1923464108325,1,2.5
"Alo_pra.Arr_ela",1.05213947956541,45.1798818244076,1,2.5
"Alo_pra.Fes_rub",0.836633883771737,21.2858545759743,1,2.5
"Alo_pra.Fes_pra",1.01169927216975,7.24921829112498,1,2.5
"Alo_pra.Tri_pra",1.05658573703091,5.39139446331944,1,2.5
"Alo_pra.Ran_rep",0.581014655925755,1.57388635991631,1,2.5
"Alo_pra.Bro_hor",0.96995614611423,4.69778568372075,1,2.5
"Alo_pra.Pla_lan",0.881199567105788,10.4951630130614,1,2.5
"Alo_pra.Ach_mil",0.84462287090136,36.6911722768871,1,2.5
"Alo_pra.Gal_mol",1.07263228267254,31.4946956811889,1,2.5
"Alo_pra.Car_hir",0.885819758235971,25.0259828516075,1,2.5
"Dac_glo.Tri_rep",0.842954989731678,22.4702391932651,1,2.5
"Dac_glo.Arr_ela",1.00386697028449,38.2369105422953,1,2.5
"Dac_glo.Fes_rub",0.980424313063959,2.84217671260477,1,2.5
"Dac_glo.Fes_pra",1.0191228028728,23.3512435377738,1,2.5
"Dac_glo.Tri_pra",0.870551338813421,3.79917061842038,1,2.5
"Dac_glo.Ran_rep",1.04912161623052,32.4521317229736,1,2.5
"Dac_glo.Bro_hor",1.01207232747518,13.5946886413345,1,2.5
"Dac_glo.Pla_lan",1.18308047358738,36.0203182150993,1,2.5
"Dac_glo.Ach_mil",1.22186982134276,53.656276784947,1,2.5
"Dac_glo.Gal_mol",0.899833352813968,31.6570498013059,1,2.5
"Dac_glo.Car_hir",0.267170776401355,4.82306462235635,1,2.5
"Tri_rep.Arr_ela",0.749995743116903,32.7268779016618,1,2.5
"Tri_rep.Fes_rub",0.605284785882356,8.88129604136125,1,2.5
"Tri_rep.Fes_pra",1.07153999743572,37.0893155756501,1,2.5
"Tri_rep.Tri_pra",1.14636786154958,34.4880969408737,1,2.5
"Tri_rep.Ran_rep",0.5887230134839,21.3666912028821,1,2.5
"Tri_rep.Bro_hor",0.958614509141578,27.6614873764031,1,2.5
"Tri_rep.Pla_lan",1.03796227501365,39.1797601584497,1,2.5
"Tri_rep.Ach_mil",1.35614312997543,61.2911927450633,0,2.5
"Tri_rep.Gal_mol",0.968093279941871,39.7314159157389,1,2.5
"Tri_rep.Car_hir",1.06685137288249,45.1527064474186,1,2.5
"Arr_ela.Fes_rub",1.1230975169049,35.7911849669666,1,2.5
"Arr_ela.Fes_pra",1.08031663440413,43.6432488208928,1,2.5
"Arr_ela.Tri_pra",1.15337590946915,30.9860388972095,1,2.5
"Arr_ela.Ran_rep",0.989145830749078,39.2332873169785,1,2.5
"Arr_ela.Bro_hor",1.02857916917346,36.3287632830206,1,2.5
"Arr_ela.Pla_lan",0.953701091001074,43.0891760115144,0,2.5
"Arr_ela.Ach_mil",1.01354312446429,4.82879788568395,1,2.5
"Arr_ela.Gal_mol",1.07471448464636,34.4492767047323,1,2.5
"Arr_ela.Car_hir",1.59312880680672,9.1519492608497,1,2.5
"Fes_rub.Fes_pra",0.97971639759591,24.8247123602758,1,2.5
"Fes_rub.Tri_pra",0.812165102475227,5.48888958493524,1,2.5
"Fes_rub.Ran_rep",0.752002127726607,25.2879280782059,1,2.5
"Fes_rub.Bro_hor",0.82561991297206,13.0622316577945,1,2.5
"Fes_rub.Pla_lan",1.05806037957387,29.9115878738263,1,2.5
"Fes_rub.Ach_mil",1.12978843304715,41.2925898318342,1,2.5
"Fes_rub.Gal_mol",0.995356379181152,38.769074818972,1,2.5
"Fes_rub.Car_hir",0.374927165855794,11.3053848140174,1,2.5
"Fes_pra.Tri_pra",0.913171611722692,21.7851706886504,1,2.5
"Fes_pra.Ran_rep",0.842921638513908,1.74920212942881,1,2.5
"Fes_pra.Bro_hor",1.02715204643358,11.9059147162761,1,2.5
"Fes_pra.Pla_lan",0.908809729620457,3.05268640465173,1,2.5
"Fes_pra.Ach_mil",0.858756165369842,38.0074865575812,1,2.5
"Fes_pra.Gal_mol",0.787435939188335,13.72030103384,1,2.5
"Fes_pra.Car_hir",1.64940987598029,54.7453872956768,1,2.5
"Tri_pra.Ran_rep",0.82033492786649,17.3213706502289,1,2.5
"Tri_pra.Bro_hor",0.833832367792098,8.2568864855237,1,2.5
"Tri_pra.Pla_lan",0.903204878644688,18.5460533985037,1,2.5
"Tri_pra.Ach_mil",0.919421466557934,42.1853620912928,0,2.5
"Tri_pra.Gal_mol",1.23374190054729,39.6579653814365,1,2.5
"Tri_pra.Car_hir",0.62043170179524,20.0260152787681,1,2.5
"Ran_rep.Bro_hor",0.665455624564649,7.58402365158611,1,2.5
"Ran_rep.Pla_lan",0.928259147364875,3.01521017810658,1,2.5
"Ran_rep.Ach_mil",0.976675863827671,42.1808005035119,1,2.5
"Ran_rep.Gal_mol",0.937474699838871,19.3596325717881,1,2.5
"Ran_rep.Car_hir",0.907028169459334,5.8217482259811,1,2.5
"Bro_hor.Pla_lan",1.08366502207393,22.3294385622519,1,2.5
"Bro_hor.Ach_mil",0.999178772220574,43.8916350333524,1,2.5
"Bro_hor.Gal_mol",0.847081782259786,26.5763802640524,1,2.5
"Bro_hor.Car_hir",0.692620371961192,18.6935471542127,1,2.5
"Pla_lan.Ach_mil",1.10418638571114,40.3443015600781,1,2.5
"Pla_lan.Gal_mol",0.898929020620447,16.1816351407776,1,2.5
"Pla_lan.Car_hir",0.857276113063575,12.0814531303525,1,2.5
"Ach_mil.Gal_mol",0.918093040508641,38.2665109663598,1,2.5
"Ach_mil.Car_hir",1.09865677962281,34.4616783144071,1,2.5
"Gal_mol.Car_hir",0.852943934597898,2.85429356617825,1,2.5
"Poa_tri.Poa_pra",0.873941773095354,6.69090647205304,1,2.75
"Poa_tri.Alo_pra",0.932942510068974,22.4100538047885,1,2.75
"Poa_tri.Dac_glo",0.891705305565817,0.337264757755912,1,2.75
"Poa_tri.Tri_rep",0.691294876166838,16.4844819649355,1,2.75
"Poa_tri.Fes_rub",0.769571064587656,3.52686648552029,1,2.75
"Poa_tri.Fes_pra",0.999406351193666,25.6575764361949,1,2.75
"Poa_tri.Tri_pra",0.748651307725611,2.61370919809434,1,2.75
"Poa_tri.Ran_rep",1.61822726846856,58.3172917150192,1,2.75
"Poa_tri.Bro_hor",0.994473769345598,14.4340189747047,1,2.75
"Poa_tri.Pla_lan",1.00604989581408,33.3976263716729,1,2.75
"Poa_tri.Ach_mil",0.74379346811768,32.4671390786821,1,2.75
"Poa_tri.Gal_mol",0.605937724756762,19.6515308061025,1,2.75
"Poa_tri.Car_hir",1.88063522786906,78.759241910794,1,2.75
"Poa_pra.Alo_pra",0.9865946091809,26.6009612290139,1,2.75
"Poa_pra.Dac_glo",1.00268436417225,9.73368734125654,1,2.75
"Poa_pra.Tri_rep",0.844355399128283,4.10743192210356,1,2.75
"Poa_pra.Fes_rub",1.05258278126655,15.3479393675399,1,2.75
"Poa_pra.Fes_pra",0.964797469912793,24.7611458226102,1,2.75
"Poa_pra.Tri_pra",0.754493653490235,12.5810209053295,1,2.75
"Poa_pra.Ran_rep",0.912887844288801,31.6432830339408,1,2.75
"Poa_pra.Bro_hor",0.836461077095076,15.3873881401559,1,2.75
"Poa_pra.Pla_lan",0.771508470841771,26.4282844257493,1,2.75
"Poa_pra.Ach_mil",1.27656241596438,55.5354905292712,1,2.75
"Poa_pra.Gal_mol",0.50311494681135,17.5256041788337,1,2.75
"Poa_pra.Car_hir",0.137552463168248,1.31492509413796,1,2.75
"Alo_pra.Dac_glo",0.97579060165455,14.722583276568,1,2.75
"Alo_pra.Tri_rep",0.842495441282123,27.0973423593663,1,2.75
"Alo_pra.Fes_rub",0.822709624567207,24.1645463913124,1,2.75
"Alo_pra.Fes_pra",1.01618232187259,2.6475518832558,1,2.75
"Alo_pra.Tri_pra",1.08553652320509,5.11885501084599,1,2.75
"Alo_pra.Ran_rep",0.38605099941793,13.1476440146786,1,2.75
"Alo_pra.Bro_hor",0.958927870345552,8.68126002838942,1,2.75
"Alo_pra.Pla_lan",0.851841667340715,7.89651409407251,1,2.75
"Alo_pra.Ach_mil",0.811171126641806,35.2122869226395,1,2.75
"Alo_pra.Gal_mol",1.1045248488726,29.2764611572791,1,2.75
"Alo_pra.Car_hir",0.96627843627742,24.3710612102615,1,2.75
"Dac_glo.Tri_rep",0.807396940707041,23.4825401900105,1,2.75
"Dac_glo.Fes_rub",0.988804397156653,3.68364398433154,1,2.75
"Dac_glo.Fes_pra",1.00881224190933,23.3056479126229,1,2.75
"Dac_glo.Tri_pra",0.853510932489357,6.04686434801402,1,2.75
"Dac_glo.Ran_rep",1.08061685844553,34.030829062717,1,2.75
"Dac_glo.Bro_hor",0.979760827952015,12.1245203011907,1,2.75
"Dac_glo.Pla_lan",1.2389708591604,39.8132953678718,1,2.75
"Dac_glo.Ach_mil",1.25955400766557,55.8910400962791,1,2.75
"Dac_glo.Gal_mol",0.804936531032325,26.7715107603649,1,2.75
"Dac_glo.Car_hir",0.252774862287102,3.14360055037695,1,2.75
"Tri_rep.Fes_rub",0.577696783250251,8.37781658159723,1,2.75
"Tri_rep.Fes_pra",1.0671993052729,37.1140487426954,1,2.75
"Tri_rep.Tri_pra",1.19193073199547,38.4648172765504,1,2.75
"Tri_rep.Ran_rep",0.403543653342121,13.8319763160635,1,2.75
"Tri_rep.Bro_hor",0.953980253604172,27.8150196860615,1,2.75
"Tri_rep.Pla_lan",1.01410659175184,38.9283364024431,1,2.75
"Tri_rep.Ach_mil",1.38045216794606,62.8346544227813,0,2.75
"Tri_rep.Gal_mol",0.97698716545436,39.9993423564605,1,2.75
"Tri_rep.Car_hir",0.996492172176946,41.7263225010227,1,2.75
"Fes_rub.Fes_pra",0.972498194613937,24.1636247906368,1,2.75
"Fes_rub.Tri_pra",0.778815746044656,6.35027582351654,1,2.75
"Fes_rub.Ran_rep",0.628046098150755,20.5061417948521,1,2.75
"Fes_rub.Bro_hor",0.802222780148223,12.0895090909935,1,2.75
"Fes_rub.Pla_lan",1.0306283508562,29.8337880967018,1,2.75
"Fes_rub.Ach_mil",1.16357729133281,41.9953482334175,1,2.75
"Fes_rub.Gal_mol",0.990713578714182,38.1780858145985,1,2.75
"Fes_rub.Car_hir",0.37193447241028,10.4387616128927,1,2.75
"Fes_pra.Tri_pra",0.883493418597721,20.0187479727352,1,2.75
"Fes_pra.Ran_rep",0.709915982383687,2.67492542683714,1,2.75
"Fes_pra.Bro_hor",1.02891585333727,10.9791396373691,1,2.75
"Fes_pra.Pla_lan",0.881240229821365,5.03489699848844,1,2.75
"Fes_pra.Ach_mil",0.81124000618818,36.2395480414017,1,2.75
"Fes_pra.Gal_mol",0.675666035849122,7.73295836789047,1,2.75
"Fes_pra.Car_hir",1.64056649247906,52.7693130407357,1,2.75
"Tri_pra.Ran_rep",0.731594751536765,11.5765786178845,1,2.75
"Tri_pra.Bro_hor",0.799711098039319,6.21856459954378,1,2.75
"Tri_pra.Pla_lan",0.880980945885211,17.4801194951558,1,2.75
"Tri_pra.Ach_mil",0.905572516939792,41.5963974202046,0,2.75
"Tri_pra.Gal_mol",1.31000513453508,40.4988271421357,1,2.75
"Tri_pra.Car_hir",0.654007383440052,19.5190071650237,1,2.75
"Ran_rep.Bro_hor",0.488156975093136,0.169190030178377,1,2.75
"Ran_rep.Pla_lan",0.883677833450833,8.30139825897814,1,2.75
"Ran_rep.Ach_mil",0.972525409586822,43.0028301043182,1,2.75
"Ran_rep.Gal_mol",0.894755520768663,19.060030494023,1,2.75
"Ran_rep.Car_hir",0.999434075223452,16.4921835149786,1,2.75
"Bro_hor.Pla_lan",1.0960302005746,24.3972575323745,1,2.75
"Bro_hor.Ach_mil",0.992029690285739,43.7157697872914,1,2.75
"Bro_hor.Gal_mol",0.770655658201276,22.5245114744397,1,2.75
"Bro_hor.Car_hir",0.694367081174207,17.1109472431133,1,2.75
"Pla_lan.Ach_mil",1.12419630190394,40.4122876634852,1,2.75
"Pla_lan.Gal_mol",0.860453980474314,11.8485285979537,1,2.75
"Pla_lan.Car_hir",0.87713060793207,7.80340281844183,1,2.75
"Ach_mil.Gal_mol",0.925778217566826,38.3249107644327,1,2.75
"Ach_mil.Car_hir",1.11719280305932,35.4206449122299,1,2.75
"Gal_mol.Car_hir",0.846368043717494,4.11711240588206,1,2.75
"Poa_tri.Poa_pra",0.841455375981671,7.28490368975835,1,3
"Poa_tri.Alo_pra",0.917881748907457,23.6950330105635,1,3
"Poa_tri.Dac_glo",0.879662164200646,1.47399911589553,1,3
"Poa_tri.Tri_rep",0.645049126500956,17.3617048684611,1,3
"Poa_tri.Fes_rub",0.757865825986788,4.84265509315758,1,3
"Poa_tri.Fes_pra",1.00194763816434,24.8313668948411,1,3
"Poa_tri.Tri_pra",0.705873212518769,0.89053038107492,1,3
"Poa_tri.Ran_rep",1.79116552368321,66.3525254260327,1,3
"Poa_tri.Bro_hor",1.00629381929237,13.451577947476,1,3
"Poa_tri.Pla_lan",1.02747819491987,34.8699246272751,1,3
"Poa_tri.Ach_mil",0.724526393196793,31.4128535329569,1,3
"Poa_tri.Gal_mol",0.526072800021806,15.4235461975942,1,3
"Poa_tri.Car_hir",1.87547534387339,78.1938687781075,1,3
"Poa_pra.Alo_pra",0.98228725491245,27.947092695952,1,3
"Poa_pra.Dac_glo",1.00501913839549,9.80773484364801,1,3
"Poa_pra.Tri_rep",0.82114211436498,3.67694337163965,1,3
"Poa_pra.Fes_rub",1.04505220922662,15.5484867760528,1,3
"Poa_pra.Fes_pra",0.938888689930257,23.7143447169691,1,3
"Poa_pra.Tri_pra",0.69012402197332,11.9139807107171,1,3
"Poa_pra.Ran_rep",0.766438384691009,25.4612922162014,1,3
"Poa_pra.Bro_hor",0.806685166330416,14.1952236789783,1,3
"Poa_pra.Pla_lan",0.715827930829989,24.8486323777438,1,3
"Poa_pra.Ach_mil",1.30393296398113,56.7561104419758,1,3
"Poa_pra.Gal_mol",0.423685843822462,13.942911729591,1,3
"Poa_pra.Car_hir",0.136000568341775,1.04875402226715,1,3
"Alo_pra.Dac_glo",0.965318063381316,16.8331563401109,1,3
"Alo_pra.Tri_rep",0.824054694320316,27.5754653410353,1,3
"Alo_pra.Fes_rub",0.809479169494179,26.4661117727631,1,3
"Alo_pra.Fes_pra",1.02069358643524,1.5200284941859,1,3
"Alo_pra.Tri_pra",1.11719076444826,4.69875032179445,1,3
"Alo_pra.Ran_rep",0.176382355212466,25.300038216096,0,3
"Alo_pra.Bro_hor",0.947783007000791,12.1326511609108,1,3
"Alo_pra.Pla_lan",0.822878283057206,5.29510146020669,1,3
"Alo_pra.Ach_mil",0.776524879532708,33.6702722555902,1,3
"Alo_pra.Gal_mol",1.14257738147088,27.3596349262441,1,3
"Alo_pra.Car_hir",1.0271554755195,22.8759257173356,1,3
"Dac_glo.Tri_rep",0.774360784071528,24.3912793286379,1,3
"Dac_glo.Fes_rub",0.996242617791638,4.42944736814459,1,3
"Dac_glo.Fes_pra",0.999650481801439,23.2999904839873,1,3
"Dac_glo.Tri_pra",0.835325446673523,7.77753768106086,1,3
"Dac_glo.Ran_rep",1.16301984078881,37.8583600189511,1,3
"Dac_glo.Bro_hor",0.946330064697664,10.6050677878893,1,3
"Dac_glo.Pla_lan",1.2915768029931,43.1899814090114,1,3
"Dac_glo.Ach_mil",1.29827726915796,58.1017235346331,1,3
"Dac_glo.Gal_mol",0.701774714437614,21.6508603500157,1,3
"Dac_glo.Car_hir",0.243043302677899,1.88984626956349,1,3
"Tri_rep.Fes_rub",0.554075787473788,7.91054717538829,1,3
"Tri_rep.Fes_pra",1.06288670896123,37.1228691432506,1,3
"Tri_rep.Tri_pra",1.24005910511226,42.0704240203287,1,3
"Tri_rep.Ran_rep",0.190801162090169,4.96874577647778,1,3
"Tri_rep.Bro_hor",0.949161747286897,27.8617252911,1,3
"Tri_rep.Pla_lan",0.990102407451365,38.4679444234526,1,3
"Tri_rep.Ach_mil",1.40498297753918,64.3684000989166,0,3
"Tri_rep.Gal_mol",0.987821735637143,40.3979052926125,1,3
"Tri_rep.Car_hir",0.943528542413232,39.1587054822782,1,3
"Fes_rub.Fes_pra",0.965253960405406,23.5766586437481,1,3
"Fes_rub.Tri_pra",0.742234279492934,6.65228819538678,1,3
"Fes_rub.Ran_rep",0.391331554507046,10.5334350326372,1,3
"Fes_rub.Bro_hor",0.778412227537558,11.0834370415399,1,3
"Fes_rub.Pla_lan",1.00282286098572,29.4861520791482,1,3
"Fes_rub.Ach_mil",1.197744641255,42.8067114653421,1,3
"Fes_rub.Gal_mol",0.98587475795035,37.6820660945506,1,3
"Fes_rub.Car_hir",0.369500402420005,9.76873247919829,1,3
"Fes_pra.Tri_pra",0.8511995022702,18.6360954586881,1,3
"Fes_pra.Ran_rep",0.454823796604563,12.8287266895933,1,3
"Fes_pra.Bro_hor",1.03081307744692,10.1686520759093,1,3
"Fes_pra.Pla_lan",0.853944920127041,6.44114542801006,1,3
"Fes_pra.Ach_mil",0.762392341080041,34.3688062623688,0,3
"Fes_pra.Gal_mol",0.564647988224015,2.05182291353462,1,3
"Fes_pra.Car_hir",1.63312839149114,51.3256348428291,1,3
"Tri_pra.Ran_rep",0.537340903703165,1.16570527341048,1,3
"Tri_pra.Bro_hor",0.762961373994053,4.62283048122789,1,3
"Tri_pra.Pla_lan",0.858890972213757,16.4323729006033,1,3
"Tri_pra.Ach_mil",0.890782410530626,40.9763746567908,0,3
"Tri_pra.Gal_mol",1.39341329183614,41.7278329753044,1,3
"Tri_pra.Car_hir",0.679511178098338,18.8347688988448,1,3
"Ran_rep.Bro_hor",0.253719503832311,9.88236507365131,1,3
"Ran_rep.Pla_lan",0.752721778890972,17.2019965319047,1,3
"Ran_rep.Ach_mil",0.951645609216621,44.5888843438494,0,3
"Ran_rep.Gal_mol",0.781780103453484,22.4317754970712,1,3
"Ran_rep.Car_hir",1.20634032756736,30.6009184480845,1,3
"Bro_hor.Pla_lan",1.10859412850288,26.0826824185749,1,3
"Bro_hor.Ach_mil",0.984406809356376,43.5041540951612,1,3
"Bro_hor.Gal_mol",0.686182341712965,18.3432078864454,1,3
"Bro_hor.Car_hir",0.696308133510725,15.8494616254391,1,3
"Pla_lan.Ach_mil",1.14502001793191,40.5217770287639,1,3
"Pla_lan.Gal_mol",0.817860378739187,7.87705127276966,1,3
"Pla_lan.Car_hir",0.892879732743351,4.03077844773516,1,3
"Ach_mil.Gal_mol",0.935523158997236,38.0452200079317,1,3
"Ach_mil.Car_hir",1.13377513351034,36.1601551951627,1,3
"Gal_mol.Car_hir",0.840389587969367,4.92254771031408,1,3
